UniRef90_A0A376QUM0	8.77336	SID31450_genefamilies-cpm.tsv
UniRef90_P0ABR8	8.59031	SID31159_genefamilies-cpm.tsv
UniRef90_A0A2X3KDN9	7.83192	SID31159_genefamilies-cpm.tsv
UniRef90_P0ABR8	4.47636	SID31714_genefamilies-cpm.tsv
UniRef90_A0A2X3KDN9	3.58437	SID31714_genefamilies-cpm.tsv
UniRef90_A0A376QUM0	0.358815	SID31452_genefamilies-cpm.tsv
UniRef90_A0A2X3KDN9	1.50967	SID531403_genefamilies-cpm.tsv
UniRef90_A0A376QUM0	1.27614	SID531403_genefamilies-cpm.tsv
UniRef90_P0ABR8	0.661524	SID531403_genefamilies-cpm.tsv
UniRef90_P0ABR8	0.0709061	SID531155_genefamilies-cpm.tsv
UniRef90_P0ABR8	0.0373622	SID530373_genefamilies-cpm.tsv
UniRef90_A0A2X3KDN9	0.0298658	SID530373_genefamilies-cpm.tsv
UniRef90_P0ABR8	0.637504	SID31880_genefamilies-cpm.tsv
UniRef90_A0A2X3KDN9	0.403343	SID31880_genefamilies-cpm.tsv
UniRef90_P0ABR8	13.2601	SID530075_genefamilies-cpm.tsv
UniRef90_A0A2X3KDN9	10.8353	SID530075_genefamilies-cpm.tsv
UniRef90_P0ABR8	2.23155	SID31700_genefamilies-cpm.tsv
UniRef90_A0A2X3KDN9	1.96737	SID31700_genefamilies-cpm.tsv
UniRef90_P0ABR8	2.73978	SID31883_genefamilies-cpm.tsv
UniRef90_A0A2X3KDN9	2.17908	SID31883_genefamilies-cpm.tsv
UniRef90_A0A2X3KDN9	2.89304	SID31446_genefamilies-cpm.tsv
UniRef90_P0ABR8	2.30311	SID31446_genefamilies-cpm.tsv
UniRef90_P0ABR8	4.67686	SID31876_genefamilies-cpm.tsv
UniRef90_A0A2X3KDN9	4.31003	SID31876_genefamilies-cpm.tsv
UniRef90_P0ABR8	0.0523439	SID31750_genefamilies-cpm.tsv
UniRef90_A0A2X3KDN9	0.0789532	SID531274_genefamilies-cpm.tsv
UniRef90_P0ABR8	0.0472841	SID531274_genefamilies-cpm.tsv
UniRef90_A0A2X3KDN9	11.7559	SID31493_genefamilies-cpm.tsv
UniRef90_P0ABR8	7.52875	SID31493_genefamilies-cpm.tsv
UniRef90_P0ABR8	8.30044	SID31879_genefamilies-cpm.tsv
UniRef90_A0A2X3KDN9	6.85871	SID31879_genefamilies-cpm.tsv
UniRef90_P0ABR8	0.262529	SID531333_genefamilies-cpm.tsv
UniRef90_A0A2X3KDN9	0.0345764	SID531333_genefamilies-cpm.tsv
UniRef90_P0ABR8	0.176214	SID530600_genefamilies-cpm.tsv
UniRef90_A0A2X3KDN9	0.0355748	SID530600_genefamilies-cpm.tsv
UniRef90_A0A376QUM0	2.25101	SID31337_genefamilies-cpm.tsv
UniRef90_A0A376QUM0	8.61441	SID31343_genefamilies-cpm.tsv
UniRef90_A0A2X3KDN9	0.624671	SID31343_genefamilies-cpm.tsv
UniRef90_P0ABR8	0.320138	SID31343_genefamilies-cpm.tsv
UniRef90_P0ABR8	0.881186	SID530756_genefamilies-cpm.tsv
UniRef90_A0A2X3KDN9	0.723162	SID530756_genefamilies-cpm.tsv
UniRef90_A0A2X3KDN9	18.5421	SID31367_genefamilies-cpm.tsv
UniRef90_P0ABR8	10.6704	SID31367_genefamilies-cpm.tsv
UniRef90_A0A376QUM0	1.09139	SID31367_genefamilies-cpm.tsv
UniRef90_P0ABR8	0.073229	SID31872_genefamilies-cpm.tsv
UniRef90_A0A2X3KDN9	0.377258	SID31866_genefamilies-cpm.tsv
UniRef90_P0ABR8	0.188899	SID31866_genefamilies-cpm.tsv
UniRef90_A0A2X3KDN9	2.33928	SID530323_genefamilies-cpm.tsv
UniRef90_P0ABR8	1.80226	SID530323_genefamilies-cpm.tsv
UniRef90_A0A376QUM0	0.0895419	SID530323_genefamilies-cpm.tsv
UniRef90_A0A2X3KDN9	0.267103	SID31275_genefamilies-cpm.tsv
UniRef90_P0ABR8	0.0650515	SID31275_genefamilies-cpm.tsv
UniRef90_A0A2X3KDN9	9.11457	SID31868_genefamilies-cpm.tsv
UniRef90_P0ABR8	1.86626	SID31868_genefamilies-cpm.tsv
UniRef90_A0A376QUM0	0.336171	SID31868_genefamilies-cpm.tsv
UniRef90_A0A376QUM0	13.2611	SID531281_genefamilies-cpm.tsv
UniRef90_A0A2X3KDN9	0.336992	SID31431_genefamilies-cpm.tsv
UniRef90_P0ABR8	0.316099	SID31431_genefamilies-cpm.tsv
UniRef90_A0A376QUM0	0.808627	SID530251_genefamilies-cpm.tsv
UniRef90_P0ABR8	0.244148	SID530251_genefamilies-cpm.tsv
UniRef90_A0A2X3KDN9	0.242536	SID530251_genefamilies-cpm.tsv
UniRef90_A0A2X3KDN9	12.3003	SID31637_genefamilies-cpm.tsv
UniRef90_P0ABR8	5.02	SID31637_genefamilies-cpm.tsv
UniRef90_A0A2X3KDN9	1.84388	SID530167_genefamilies-cpm.tsv
UniRef90_P0ABR8	0.790876	SID530167_genefamilies-cpm.tsv
UniRef90_P0ABR8	0.561584	SID31884_genefamilies-cpm.tsv
UniRef90_A0A2X3KDN9	0.374751	SID31884_genefamilies-cpm.tsv
UniRef90_P0ABR8	4.00246	SID530315_genefamilies-cpm.tsv
UniRef90_A0A2X3KDN9	3.91605	SID530315_genefamilies-cpm.tsv
UniRef90_P0ABR8	2.05098	SID530364_genefamilies-cpm.tsv
UniRef90_A0A2X3KDN9	1.68396	SID530364_genefamilies-cpm.tsv
UniRef90_A0A2X3KDN9	0.353084	SID531416_genefamilies-cpm.tsv
UniRef90_P0ABR8	0.32357	SID531416_genefamilies-cpm.tsv
UniRef90_A0A2X3KDN9	1.21774	SID531775_genefamilies-cpm.tsv
UniRef90_P0ABR8	1.03336	SID531775_genefamilies-cpm.tsv
UniRef90_P0ABR8	0.186765	SID530890_genefamilies-cpm.tsv
UniRef90_A0A2X3KDN9	0.0465365	SID530890_genefamilies-cpm.tsv
UniRef90_P0ABR8	0.0416055	SID31723_genefamilies-cpm.tsv
UniRef90_P0ABR8	0.20318	SID531277_genefamilies-cpm.tsv
UniRef90_P0ABR8	3.48154	SID31219_genefamilies-cpm.tsv
UniRef90_A0A2X3KDN9	3.37672	SID31219_genefamilies-cpm.tsv
UniRef90_A0A2X3KDN9	0.0765187	SID31877_genefamilies-cpm.tsv
UniRef90_P0ABR8	0.0441048	SID31877_genefamilies-cpm.tsv
UniRef90_P0ABR8	0.611181	SID31501_genefamilies-cpm.tsv
UniRef90_A0A2X3KDN9	0.550673	SID31501_genefamilies-cpm.tsv
UniRef90_P0ABR8	0.117293	SID530743_genefamilies-cpm.tsv
UniRef90_P0ABR8	0.191371	SID530163_genefamilies-cpm.tsv
UniRef90_P0ABR8	1.32158	SID530451_genefamilies-cpm.tsv
UniRef90_A0A2X3KDN9	1.2946	SID530451_genefamilies-cpm.tsv
UniRef90_P0ABR8	0.0614286	SID31282_genefamilies-cpm.tsv
UniRef90_A0A376QUM0	0.275018	SID530705_genefamilies-cpm.tsv
UniRef90_A0A2X3KDN9	0.315079	SID31129_genefamilies-cpm.tsv
UniRef90_P0ABR8	0.275355	SID31129_genefamilies-cpm.tsv
UniRef90_A0A376QUM0	11.7542	SID530403_genefamilies-cpm.tsv
UniRef90_A0A2X3KDN9	0.225949	SID31870_genefamilies-cpm.tsv
UniRef90_P0ABR8	0.046259	SID31870_genefamilies-cpm.tsv
UniRef90_A0A2X3KDN9	0.794336	SID531352_genefamilies-cpm.tsv
UniRef90_P0ABR8	0.64451	SID531352_genefamilies-cpm.tsv
UniRef90_P0ABR8	13.814	SID530840_genefamilies-cpm.tsv
UniRef90_A0A2X3KDN9	13.0656	SID530840_genefamilies-cpm.tsv
UniRef90_A0A376QUM0	1.65456	GupDM_HCT_genefamilies-cpm.tsv
UniRef90_P0ABR8	0.870714	GupDM_HCP_genefamilies-cpm.tsv
UniRef90_A0A376QUM0	2.47442	GupDM_A9_genefamilies-cpm.tsv
UniRef90_A0A2X3KDN9	1.01829	GupDM_HAT_genefamilies-cpm.tsv
UniRef90_P0ABR8	0.278515	GupDM_HAT_genefamilies-cpm.tsv
UniRef90_P0ABR8	1.7246	GupDM_HCY_genefamilies-cpm.tsv
UniRef90_A0A2X3KDN9	1.43902	GupDM_HCY_genefamilies-cpm.tsv
UniRef90_A0A376QUM0	1.16149	GupDM_HCS_genefamilies-cpm.tsv
UniRef90_P0ABR8	1.67124	GupDM_JD_genefamilies-cpm.tsv
UniRef90_A0A2X3KDN9	10.4574	GupDM_A_15_genefamilies-cpm.tsv
UniRef90_P0ABR8	6.83277	GupDM_A_15_genefamilies-cpm.tsv
UniRef90_P0ABR8	0.23301	GupDM_JH_genefamilies-cpm.tsv
UniRef90_A0A376QUM0	11.3829	GupDM_A12_genefamilies-cpm.tsv
UniRef90_P0ABR8	0.175281	GupDM_A12_genefamilies-cpm.tsv
UniRef90_P0ABR8	0.371551	GupDM_JJ_genefamilies-cpm.tsv
UniRef90_A0A2X3KDN9	0.185217	GupDM_JJ_genefamilies-cpm.tsv
UniRef90_P0ABR8	0.406029	GupDM_A2_genefamilies-cpm.tsv
UniRef90_A0A376QUM0	2.51478	GupDM_HCU_genefamilies-cpm.tsv
UniRef90_A0A2X3KDN9	1.19174	GupDM_HCU_genefamilies-cpm.tsv
UniRef90_P0ABR8	0.811886	GupDM_HCU_genefamilies-cpm.tsv
UniRef90_P0ABR8	0.385687	GupDM_JC_genefamilies-cpm.tsv
UniRef90_A0A2X3KDN9	0.658581	GupDM_JM_genefamilies-cpm.tsv
UniRef90_P0ABR8	0.20144	GupDM_JM_genefamilies-cpm.tsv
UniRef90_A0A2X3KDN9	14.6776	GupDM_A10_genefamilies-cpm.tsv
UniRef90_P0ABR8	1.92873	GupDM_A10_genefamilies-cpm.tsv
UniRef90_A0A376QUM0	1.40142	GupDM_A10_genefamilies-cpm.tsv
UniRef90_P0ABR8	0.865417	GupDM_JI_genefamilies-cpm.tsv
UniRef90_A0A2X3KDN9	0.670604	GupDM_JI_genefamilies-cpm.tsv
UniRef90_P0ABR8	0.473094	GupDM_JE_genefamilies-cpm.tsv
UniRef90_P0ABR8	1.35194	GupDM_JP_genefamilies-cpm.tsv
UniRef90_A0A2X3KDN9	0.948434	GupDM_JP_genefamilies-cpm.tsv
UniRef90_P0ABR8	5.60065	GupDM_A_11_genefamilies-cpm.tsv
UniRef90_A0A2X3KDN9	3.90794	GupDM_A_11_genefamilies-cpm.tsv
UniRef90_P0ABR8	0.369768	GupDM_HCR_genefamilies-cpm.tsv
UniRef90_A0A2X3KDN9	0.342141	GupDM_HCR_genefamilies-cpm.tsv
UniRef90_A0A2X3KDN9	12.0762	GupDM_A8_genefamilies-cpm.tsv
UniRef90_P0ABR8	7.89965	GupDM_A8_genefamilies-cpm.tsv
UniRef90_P0ABR8	0.310747	GupDM_A5_genefamilies-cpm.tsv
UniRef90_A0A376QUM0	4.11698	GupDM_A13_genefamilies-cpm.tsv
UniRef90_A0A2X3KDN9	2.17361	GupDM_A13_genefamilies-cpm.tsv
UniRef90_P0ABR8	1.21314	GupDM_A13_genefamilies-cpm.tsv
UniRef90_A0A2X3KDN9	2.0184	GupDM_HAM_genefamilies-cpm.tsv
UniRef90_P0ABR8	1.29771	GupDM_HAM_genefamilies-cpm.tsv
UniRef90_A0A376QUM0	5.65801	GupDM_A7_genefamilies-cpm.tsv
UniRef90_A0A2X3KDN9	2.47672	GupDM_A7_genefamilies-cpm.tsv
UniRef90_P0ABR8	1.47641	GupDM_A7_genefamilies-cpm.tsv
UniRef90_P0ABR8	1.65651	GupDM_A14_genefamilies-cpm.tsv
UniRef90_A0A2X3KDN9	1.10449	GupDM_A14_genefamilies-cpm.tsv
UniRef90_P0ABR8	0.589989	GupDM_JN_genefamilies-cpm.tsv
UniRef90_A0A2X3KDN9	2.02273	GupDM_JG_genefamilies-cpm.tsv
UniRef90_P0ABR8	1.52915	GupDM_JG_genefamilies-cpm.tsv
UniRef90_P0ABR8	0.586221	GupDM_JO_genefamilies-cpm.tsv
UniRef90_A0A2X3KDN9	5.89551	GupDM_A1_genefamilies-cpm.tsv
UniRef90_P0ABR8	2.96281	GupDM_A1_genefamilies-cpm.tsv
UniRef90_A0A376QUM0	0.887108	GupDM_A1_genefamilies-cpm.tsv
UniRef90_A0A2X3KDN9	16.5731	LILT_VF154_T017_genefamilies-cpm.tsv
UniRef90_P0ABR8	6.23076	LILT_VF154_T017_genefamilies-cpm.tsv
UniRef90_A0A376QUM0	0.313815	LILT_GF18_T016_genefamilies-cpm.tsv
UniRef90_P0ABR8	0.136203	LILT_GF18_T016_genefamilies-cpm.tsv
UniRef90_P0ABR8	0.106624	LILT_VF255_T016_genefamilies-cpm.tsv
UniRef90_A0A2X3KDN9	0.0702088	LILT_VF255_T016_genefamilies-cpm.tsv
UniRef90_A0A2X3KDN9	0.455964	LILT_VF140_T016_genefamilies-cpm.tsv
UniRef90_P0ABR8	0.0777806	LILT_VF140_T016_genefamilies-cpm.tsv
UniRef90_P0ABR8	0.366076	LILT_VF234_T017_genefamilies-cpm.tsv
UniRef90_A0A2X3KDN9	0.263299	LILT_VF234_T017_genefamilies-cpm.tsv
UniRef90_P0ABR8	1.39058	LILT_VF30_16_genefamilies-cpm.tsv
UniRef90_A0A2X3KDN9	0.958733	LILT_VF30_16_genefamilies-cpm.tsv
UniRef90_P0ABR8	4.28155	LILT_VF04_16_genefamilies-cpm.tsv
UniRef90_A0A2X3KDN9	3.63329	LILT_VF04_16_genefamilies-cpm.tsv
UniRef90_P0ABR8	0.658561	LILT_VF90_16_genefamilies-cpm.tsv
UniRef90_A0A2X3KDN9	0.429923	LILT_VF90_16_genefamilies-cpm.tsv
UniRef90_A0A2X3KDN9	0.828382	LILT_VF37_16_genefamilies-cpm.tsv
UniRef90_P0ABR8	0.817954	LILT_VF37_16_genefamilies-cpm.tsv
UniRef90_A0A376QUM0	1.04973	LILT_VF259_T016_genefamilies-cpm.tsv
UniRef90_P0ABR8	0.13173	LILT_VF259_T016_genefamilies-cpm.tsv
UniRef90_P0ABR8	5.76788	LILT_VF71_16_genefamilies-cpm.tsv
UniRef90_A0A2X3KDN9	4.93758	LILT_VF71_16_genefamilies-cpm.tsv
UniRef90_P0ABR8	0.6309	LILT_VF06_16_genefamilies-cpm.tsv
UniRef90_A0A2X3KDN9	0.516544	LILT_VF06_16_genefamilies-cpm.tsv
UniRef90_A0A2X3KDN9	2.10645	LILT_VF56_16_genefamilies-cpm.tsv
UniRef90_P0ABR8	1.06499	LILT_VF56_16_genefamilies-cpm.tsv
UniRef90_A0A2X3KDN9	0.707591	LILT_VF73_16_genefamilies-cpm.tsv
UniRef90_P0ABR8	0.613058	LILT_VF73_16_genefamilies-cpm.tsv
UniRef90_A0A2X3KDN9	23.497	LILT_VF216_T017_genefamilies-cpm.tsv
UniRef90_P0ABR8	12.61	LILT_VF216_T017_genefamilies-cpm.tsv
UniRef90_A0A376QUM0	2.91602	LILT_VF216_T017_genefamilies-cpm.tsv
UniRef90_A0A376QUM0	3.97764	LILT_VF114_T017_genefamilies-cpm.tsv
UniRef90_A0A2X3KDN9	1.12843	LILT_VF114_T017_genefamilies-cpm.tsv
UniRef90_P0ABR8	0.711782	LILT_VF114_T017_genefamilies-cpm.tsv
UniRef90_A0A376QUM0	0.082127	LILT_VF00TL_16_genefamilies-cpm.tsv
UniRef90_P0ABR8	1.54084	LILT_VF273_T017_genefamilies-cpm.tsv
UniRef90_A0A2X3KDN9	1.13651	LILT_VF273_T017_genefamilies-cpm.tsv
UniRef90_A0A376QUM0	0.24805	LILT_VF145_T017_genefamilies-cpm.tsv
UniRef90_P0ABR8	0.0430458	LILT_VF145_T017_genefamilies-cpm.tsv
UniRef90_A0A2X3KDN9	0.0398648	LILT_VF145_T017_genefamilies-cpm.tsv
UniRef90_A0A2X3KDN9	2.50338	LILT_VF107_16_genefamilies-cpm.tsv
UniRef90_P0ABR8	1.77601	LILT_VF107_16_genefamilies-cpm.tsv
UniRef90_A0A376QUM0	0.146992	LILT_VF107_16_genefamilies-cpm.tsv
UniRef90_P0ABR8	0.0730388	LILT_GF12_16_genefamilies-cpm.tsv
UniRef90_A0A376QUM0	4.93097	LILT_VF217_T017_genefamilies-cpm.tsv
UniRef90_P0ABR8	4.57327	LILT_VF217_T017_genefamilies-cpm.tsv
UniRef90_A0A2X3KDN9	4.14914	LILT_VF217_T017_genefamilies-cpm.tsv
UniRef90_A0A376QUM0	79.7396	LILT_VF214_T016_genefamilies-cpm.tsv
UniRef90_A0A2X3KDN9	2.6271	LILT_VF214_T016_genefamilies-cpm.tsv
UniRef90_P0ABR8	0.549763	LILT_VF214_T016_genefamilies-cpm.tsv
UniRef90_A0A2X3KDN9	0.25901	LILT_GF17_16_genefamilies-cpm.tsv
UniRef90_P0ABR8	0.204579	LILT_GF17_16_genefamilies-cpm.tsv
UniRef90_A0A2X3KDN9	0.372201	LILT_VF232_T017_genefamilies-cpm.tsv
UniRef90_P0ABR8	0.093094	LILT_VF232_T017_genefamilies-cpm.tsv
UniRef90_A0A2X3KDN9	1.58049	LILT_VF43_16_genefamilies-cpm.tsv
UniRef90_P0ABR8	0.771796	LILT_VF43_16_genefamilies-cpm.tsv
UniRef90_A0A2X3KDN9	0.968465	LILT_VF270_T017_genefamilies-cpm.tsv
UniRef90_P0ABR8	0.547398	LILT_VF270_T017_genefamilies-cpm.tsv
UniRef90_P0ABR8	0.389881	LILT_VF84_16_genefamilies-cpm.tsv
UniRef90_A0A2X3KDN9	0.191902	LILT_VF84_16_genefamilies-cpm.tsv
UniRef90_P0ABR8	1.11439	LILT_VF197_T017_genefamilies-cpm.tsv
UniRef90_A0A2X3KDN9	0.596998	LILT_VF197_T017_genefamilies-cpm.tsv
UniRef90_A0A376QUM0	0.565177	LILT_VF197_T017_genefamilies-cpm.tsv
UniRef90_A0A2X3KDN9	0.749026	LILT_VF95_16_genefamilies-cpm.tsv
UniRef90_P0ABR8	0.719386	LILT_VF95_16_genefamilies-cpm.tsv
UniRef90_A0A376QUM0	0.0995793	LILT_VF171_T016_genefamilies-cpm.tsv
UniRef90_A0A376QUM0	0.53459	LILT_VF69_16_genefamilies-cpm.tsv
UniRef90_A0A2X3KDN9	0.18117	LILT_VF69_16_genefamilies-cpm.tsv
UniRef90_P0ABR8	0.0435983	LILT_VF69_16_genefamilies-cpm.tsv
UniRef90_A0A376QUM0	86.6831	LILT_VF208_T017_genefamilies-cpm.tsv
UniRef90_P0ABR8	0.0568069	LILT_VF208_T017_genefamilies-cpm.tsv
UniRef90_A0A2X3KDN9	0.995009	LILT_VF65_16_genefamilies-cpm.tsv
UniRef90_P0ABR8	0.922609	LILT_VF65_16_genefamilies-cpm.tsv
UniRef90_A0A376QUM0	10.8629	LILT_GF06_16_genefamilies-cpm.tsv
UniRef90_P0ABR8	0.064554	LILT_VF207_T017_genefamilies-cpm.tsv
UniRef90_A0A2X3KDN9	0.0559437	LILT_VF207_T017_genefamilies-cpm.tsv
UniRef90_P0ABR8	0.552231	LILT_VF120_16_genefamilies-cpm.tsv
UniRef90_A0A2X3KDN9	0.490439	LILT_VF120_16_genefamilies-cpm.tsv
UniRef90_P0ABR8	0.0364739	CRC_MR_SBJ50C_17_genefamilies-cpm.tsv
UniRef90_A0A2X3KDN9	0.0309606	CRC_MR_SBJ50C_17_genefamilies-cpm.tsv
UniRef90_P0ABR8	0.114484	CRC_MR_SBJ12C_17_genefamilies-cpm.tsv
UniRef90_P0ABR8	0.408242	CRC_MR_SBJ29C_17_genefamilies-cpm.tsv
UniRef90_A0A2X3KDN9	0.0345016	CRC_MR_SBJ29C_17_genefamilies-cpm.tsv
UniRef90_P0ABR8	0.0630998	CRC_MR_SBJ10C_17_genefamilies-cpm.tsv
UniRef90_A0A2X3KDN9	0.336906	CRC_MR_SBJ33C_17_genefamilies-cpm.tsv
UniRef90_P0ABR8	0.0556625	CRC_MR_SBJ33C_17_genefamilies-cpm.tsv
UniRef90_A0A376QUM0	0.228492	CRC_MR_SBJ11C_17_genefamilies-cpm.tsv
UniRef90_P0ABR8	0.0714995	CRC_MR_SBJ81H_17_genefamilies-cpm.tsv
UniRef90_P0ABR8	0.0633236	CRC_MR_SBJ73H_17_genefamilies-cpm.tsv
UniRef90_A0A2X3KDN9	0.0381157	CRC_MR_SBJ73H_17_genefamilies-cpm.tsv
UniRef90_P0ABR8	0.64074	CRC_MR_SBJ68H_17_genefamilies-cpm.tsv
UniRef90_A0A2X3KDN9	0.395372	CRC_MR_SBJ68H_17_genefamilies-cpm.tsv
UniRef90_A0A2X3KDN9	0.3364	CRC_MR_SBJ20C_17_genefamilies-cpm.tsv
UniRef90_P0ABR8	0.173535	CRC_MR_SBJ20C_17_genefamilies-cpm.tsv
UniRef90_P0ABR8	0.0496505	CRC_MR_SBJ26C_17_genefamilies-cpm.tsv
UniRef90_P0ABR8	0.0772568	CRC_MR_SBJ27C_17_genefamilies-cpm.tsv
UniRef90_P0ABR8	0.59891	CRC_MR_SBJ51C_17_genefamilies-cpm.tsv
UniRef90_A0A2X3KDN9	0.428904	CRC_MR_SBJ51C_17_genefamilies-cpm.tsv
UniRef90_P0ABR8	0.0531035	CRC_MR_SBJ42C_17_genefamilies-cpm.tsv
UniRef90_P0ABR8	0.121423	CRC_MR_SBJ21H_17_genefamilies-cpm.tsv
UniRef90_A0A376QUM0	0.279496	CRC_MR_SBJ36C_17_genefamilies-cpm.tsv
UniRef90_P0ABR8	0.0791841	CRC_MR_SBJ36C_17_genefamilies-cpm.tsv
UniRef90_A0A2X3KDN9	1.52885	CRC_MR_SBJ06C_17_genefamilies-cpm.tsv
UniRef90_P0ABR8	1.08987	CRC_MR_SBJ06C_17_genefamilies-cpm.tsv
UniRef90_A0A376QUM0	0.992109	CRC_MR_SBJ06C_17_genefamilies-cpm.tsv
UniRef90_A0A2X3KDN9	0.51819	CRC_MR_SBJ25C_17_genefamilies-cpm.tsv
UniRef90_P0ABR8	0.394616	CRC_MR_SBJ25C_17_genefamilies-cpm.tsv
UniRef90_P0ABR8	0.472803	CRC_MR_SBJ79H_17_genefamilies-cpm.tsv
UniRef90_A0A2X3KDN9	0.372005	CRC_MR_SBJ79H_17_genefamilies-cpm.tsv
UniRef90_P0ABR8	2.36463	BHCNK3ADXX.N706-S507_TAGGCATG-AAGGAGTA_genefamilies-cpm.tsv
UniRef90_A0A2X3KDN9	1.77317	BHCNK3ADXX.N706-S507_TAGGCATG-AAGGAGTA_genefamilies-cpm.tsv
UniRef90_A0A2X3KDN9	1.59515	HJKTNADXX_PG0783_147A0704_H1_L002_genefamilies-cpm.tsv
UniRef90_P0ABR8	1.13925	HJKTNADXX_PG0783_147A0704_H1_L002_genefamilies-cpm.tsv
UniRef90_A0A376QUM0	0.24182	HJK7MADXX_PG0783_24A0403_H1_L001_genefamilies-cpm.tsv
UniRef90_A0A376QUM0	0.239689	BHCNJJADXX.N708-S503_CAGAGAGG-TATCCTCT_genefamilies-cpm.tsv
UniRef90_P0ABR8	0.0248749	BHCNJJADXX.N708-S503_CAGAGAGG-TATCCTCT_genefamilies-cpm.tsv
UniRef90_P0ABR8	1.58045	mix31_mix32-N702-S506_CGTACTAG-ACTGCATA_genefamilies-cpm.tsv
UniRef90_A0A2X3KDN9	1.3834	mix31_mix32-N702-S506_CGTACTAG-ACTGCATA_genefamilies-cpm.tsv
UniRef90_P0ABR8	0.0539455	HJK7NADXX_PG0783_110A0106_H1_L002_genefamilies-cpm.tsv
UniRef90_P0ABR8	2.47572	AHCNC2ADXX.N708_CAGAGAGG_genefamilies-cpm.tsv
UniRef90_A0A2X3KDN9	2.05357	AHCNC2ADXX.N708_CAGAGAGG_genefamilies-cpm.tsv
UniRef90_A0A2X3KDN9	1.92191	BHCNG3ADXX.N708-S502_CAGAGAGG-CTCTCTAT_genefamilies-cpm.tsv
UniRef90_P0ABR8	1.74594	BHCNG3ADXX.N708-S502_CAGAGAGG-CTCTCTAT_genefamilies-cpm.tsv
UniRef90_P0ABR8	0.890336	HJKJJADXX_PG0783_14A0207_H1_L001_genefamilies-cpm.tsv
UniRef90_A0A2X3KDN9	0.424263	HJKJJADXX_PG0783_14A0207_H1_L001_genefamilies-cpm.tsv
UniRef90_A0A376QUM0	0.241749	HJKJJADXX_PG0783_14A0207_H1_L001_genefamilies-cpm.tsv
UniRef90_A0A376QUM0	0.863215	HJKTNADXX_PG0783_145A0703_H1_L001_genefamilies-cpm.tsv
UniRef90_A0A2X3KDN9	0.581892	HJKTNADXX_PG0783_145A0703_H1_L001_genefamilies-cpm.tsv
UniRef90_P0ABR8	0.440086	HJKTNADXX_PG0783_145A0703_H1_L001_genefamilies-cpm.tsv
UniRef90_P0ABR8	1.72707	HJK7VADXX_PG0783_23A0402_H1_L002_genefamilies-cpm.tsv
UniRef90_A0A2X3KDN9	1.05831	HJK7VADXX_PG0783_23A0402_H1_L002_genefamilies-cpm.tsv
UniRef90_P0ABR8	0.252032	HGKMWADXX_PG0662_166A0807_H3_L002_genefamilies-cpm.tsv
UniRef90_A0A2X3KDN9	0.204345	HGKMWADXX_PG0662_166A0807_H3_L002_genefamilies-cpm.tsv
UniRef90_A0A376QUM0	23.1527	HGK7MADXX_PG0662_87A0503_H3_L002_genefamilies-cpm.tsv
UniRef90_A0A2X3KDN9	15.8589	HGK7MADXX_PG0662_87A0503_H3_L002_genefamilies-cpm.tsv
UniRef90_P0ABR8	5.97179	HGK7MADXX_PG0662_87A0503_H3_L002_genefamilies-cpm.tsv
UniRef90_P0ABR8	1.56081	HGKYWADXX_PG0662_249A0402_H1_L002_genefamilies-cpm.tsv
UniRef90_A0A2X3KDN9	1.1156	HGKYWADXX_PG0662_249A0402_H1_L002_genefamilies-cpm.tsv
UniRef90_A0A2X3KDN9	0.129835	mix31_mix32-N705-S506_GGACTCCT-ACTGCATA_genefamilies-cpm.tsv
UniRef90_P0ABR8	0.0727783	mix31_mix32-N705-S506_GGACTCCT-ACTGCATA_genefamilies-cpm.tsv
UniRef90_P0ABR8	0.128201	HGKYVADXX_PG0662_104A0704_H3_L001_genefamilies-cpm.tsv
UniRef90_P0ABR8	0.326134	mix20-N702-S501_CGTACTAG-TAGATCGC_genefamilies-cpm.tsv
UniRef90_A0A376QUM0	0.252553	mix20-N702-S501_CGTACTAG-TAGATCGC_genefamilies-cpm.tsv
UniRef90_P0ABR8	0.166379	HJKTNADXX_PG0783_113A0203_H1_L001_genefamilies-cpm.tsv
UniRef90_A0A2X3KDN9	0.0196598	HJKTNADXX_PG0783_113A0203_H1_L001_genefamilies-cpm.tsv
UniRef90_A0A2X3KDN9	2.5996	HGK52ADXX_PG0662_172A0906_H3_L001_genefamilies-cpm.tsv
UniRef90_A0A376QUM0	0.6463	HGK52ADXX_PG0662_172A0906_H3_L001_genefamilies-cpm.tsv
UniRef90_P0ABR8	0.408409	HGK52ADXX_PG0662_172A0906_H3_L001_genefamilies-cpm.tsv
UniRef90_A0A2X3KDN9	2.83733	mix2_N707-N503_CTCTCTAC-TATCCTCT_genefamilies-cpm.tsv
UniRef90_P0ABR8	0.839523	mix2_N707-N503_CTCTCTAC-TATCCTCT_genefamilies-cpm.tsv
UniRef90_P0ABR8	0.353408	HGKFCADXX_PG0662_168A0902_H3_L001_genefamilies-cpm.tsv
UniRef90_A0A2X3KDN9	0.294884	HGKFCADXX_PG0662_168A0902_H3_L001_genefamilies-cpm.tsv
UniRef90_A0A376QUM0	1.20286	HGKYWADXX_PG0662_255A0407_H1_L001_genefamilies-cpm.tsv
UniRef90_P0ABR8	0.0264247	HGKYWADXX_PG0662_255A0407_H1_L001_genefamilies-cpm.tsv
UniRef90_A0A2X3KDN9	0.0189268	HGKYWADXX_PG0662_255A0407_H1_L001_genefamilies-cpm.tsv
UniRef90_A0A376QUM0	0.638919	BHCNK3ADXX.N711-S506_AAGAGGCA-ACTGCATA_genefamilies-cpm.tsv
UniRef90_P0ABR8	0.0716112	BHCNM7ADXX.N701-S511_TAAGGCGA-TCTCTCCG_genefamilies-cpm.tsv
UniRef90_P0ABR8	8.75584	MMRS41711735ST-27-0-0_genefamilies-cpm.tsv
UniRef90_A0A2X3KDN9	8.19925	MMRS41711735ST-27-0-0_genefamilies-cpm.tsv
UniRef90_P0ABR8	0.0295225	MMRS51737257ST-27-0-0_genefamilies-cpm.tsv
UniRef90_A0A2X3KDN9	0.0258932	MMRS51737257ST-27-0-0_genefamilies-cpm.tsv
UniRef90_P0ABR8	0.73616	MMRS54316675ST-27-0-0_genefamilies-cpm.tsv
UniRef90_A0A2X3KDN9	0.70856	MMRS54316675ST-27-0-0_genefamilies-cpm.tsv
UniRef90_A0A376QUM0	0.127793	MMRS38861560ST-27-0-0_genefamilies-cpm.tsv
UniRef90_P0ABR8	0.0691409	MMRS67096717ST-27-0-0_genefamilies-cpm.tsv
UniRef90_A0A2X3KDN9	0.0487928	MMRS67096717ST-27-0-0_genefamilies-cpm.tsv
UniRef90_A0A376QUM0	0.222673	MMRS17963147ST-27-0-0_genefamilies-cpm.tsv
UniRef90_A0A2X3KDN9	4.00376	MMRS35808664ST-27-0-0_genefamilies-cpm.tsv
UniRef90_A0A376QUM0	2.2569	MMRS35808664ST-27-0-0_genefamilies-cpm.tsv
UniRef90_P0ABR8	2.09699	MMRS35808664ST-27-0-0_genefamilies-cpm.tsv
UniRef90_A0A376QUM0	1.00989	MMRS92544445ST-27-0-0_genefamilies-cpm.tsv
UniRef90_A0A2X3KDN9	0.163136	MMRS92544445ST-27-0-0_genefamilies-cpm.tsv
UniRef90_P0ABR8	0.141427	MMRS92544445ST-27-0-0_genefamilies-cpm.tsv
UniRef90_A0A2X3KDN9	0.141568	MMRS43939546ST-27-0-0_genefamilies-cpm.tsv
UniRef90_P0ABR8	0.131483	MMRS43939546ST-27-0-0_genefamilies-cpm.tsv
UniRef90_A0A2X3KDN9	0.131829	MMRS47685461ST-27-0-0_genefamilies-cpm.tsv
UniRef90_P0ABR8	0.0709579	MMRS47685461ST-27-0-0_genefamilies-cpm.tsv
UniRef90_P0ABR8	0.601235	MMRS85382779ST-27-0-0_genefamilies-cpm.tsv
UniRef90_A0A2X3KDN9	0.600974	MMRS85382779ST-27-0-0_genefamilies-cpm.tsv
UniRef90_A0A376QUM0	3.10039	MMRS47662059ST-27-0-0_genefamilies-cpm.tsv
UniRef90_A0A2X3KDN9	0.893789	MMRS47662059ST-27-0-0_genefamilies-cpm.tsv
UniRef90_P0ABR8	0.560389	MMRS47662059ST-27-0-0_genefamilies-cpm.tsv
UniRef90_A0A2X3KDN9	0.125977	MMRS16644320ST-27-0-0_genefamilies-cpm.tsv
UniRef90_P0ABR8	0.125832	MMRS16644320ST-27-0-0_genefamilies-cpm.tsv
UniRef90_A0A2X3KDN9	0.187303	MMRS71762412ST-27-0-0_genefamilies-cpm.tsv
UniRef90_P0ABR8	0.120171	MMRS71762412ST-27-0-0_genefamilies-cpm.tsv
UniRef90_P0ABR8	0.40179	MMRS15137911ST-27-0-0_genefamilies-cpm.tsv
UniRef90_A0A2X3KDN9	0.291114	MMRS15137911ST-27-0-0_genefamilies-cpm.tsv
UniRef90_P0ABR8	0.54107	MMRS65945127ST-27-0-0_genefamilies-cpm.tsv
UniRef90_A0A2X3KDN9	0.505694	MMRS65945127ST-27-0-0_genefamilies-cpm.tsv
UniRef90_P0ABR8	0.0482419	MMRS81671217ST-27-0-0_genefamilies-cpm.tsv
UniRef90_P0ABR8	0.51992	MMRS77487595ST-27-0-0_genefamilies-cpm.tsv
UniRef90_A0A2X3KDN9	0.396836	MMRS77487595ST-27-0-0_genefamilies-cpm.tsv
UniRef90_P0ABR8	8.99898	MMRS51728985ST-27-0-0_genefamilies-cpm.tsv
UniRef90_A0A2X3KDN9	6.47598	MMRS51728985ST-27-0-0_genefamilies-cpm.tsv
UniRef90_P0ABR8	0.487335	MMRS80093644ST-27-0-0_genefamilies-cpm.tsv
UniRef90_A0A2X3KDN9	0.361354	MMRS80093644ST-27-0-0_genefamilies-cpm.tsv
UniRef90_A0A2X3KDN9	0.357388	MMRS94549160ST-27-0-0_genefamilies-cpm.tsv
UniRef90_P0ABR8	0.318677	MMRS94549160ST-27-0-0_genefamilies-cpm.tsv
UniRef90_A0A376QUM0	0.527617	MMRS44587603ST-27-0-0_genefamilies-cpm.tsv
UniRef90_P0ABR8	0.0331665	MMRS72980899ST-27-0-0_genefamilies-cpm.tsv
UniRef90_A0A2X3KDN9	0.0294636	MMRS72980899ST-27-0-0_genefamilies-cpm.tsv
UniRef90_P0ABR8	1.30401	MMRS64281211ST-27-0-0_genefamilies-cpm.tsv
UniRef90_A0A2X3KDN9	0.911809	MMRS64281211ST-27-0-0_genefamilies-cpm.tsv
UniRef90_P0ABR8	0.286742	MMRS64281551ST-27-0-0_genefamilies-cpm.tsv
UniRef90_A0A2X3KDN9	0.25943	MMRS64281551ST-27-0-0_genefamilies-cpm.tsv
UniRef90_A0A376QUM0	0.573411	MMRS86168210ST-27-0-0_genefamilies-cpm.tsv
UniRef90_A0A2X3KDN9	0.177566	MMRS56137463ST-27-0-0_genefamilies-cpm.tsv
UniRef90_P0ABR8	0.166383	MMRS56137463ST-27-0-0_genefamilies-cpm.tsv
UniRef90_A0A2X3KDN9	1.86122	MMRS41266697ST-27-0-0_genefamilies-cpm.tsv
UniRef90_P0ABR8	1.03711	MMRS41266697ST-27-0-0_genefamilies-cpm.tsv
UniRef90_A0A376QUM0	0.199598	MMRS41266697ST-27-0-0_genefamilies-cpm.tsv
UniRef90_P0ABR8	0.0559626	MMRS32573774ST-27-0-0_genefamilies-cpm.tsv
UniRef90_A0A2X3KDN9	0.0344376	MMRS32573774ST-27-0-0_genefamilies-cpm.tsv
UniRef90_A0A376QUM0	1.13679	MMRS54246132ST-27-0-0_genefamilies-cpm.tsv
UniRef90_A0A376QUM0	20.1257	MMRS65742083ST-27-0-0_genefamilies-cpm.tsv
UniRef90_P0ABR8	0.11472	CCMD30627121ST-11-0_genefamilies-cpm.tsv
UniRef90_A0A2X3KDN9	0.255283	CCMD60079086ST-21-0_genefamilies-cpm.tsv
UniRef90_P0ABR8	0.0348312	CCMD64503764ST-21-0_genefamilies-cpm.tsv
UniRef90_A0A2X3KDN9	0.0287746	CCMD64503764ST-21-0_genefamilies-cpm.tsv
UniRef90_A0A376QUM0	0.382267	CCMD31134579ST-11-0_genefamilies-cpm.tsv
UniRef90_P0ABR8	0.0328974	CCMD14479708ST-21-0_genefamilies-cpm.tsv
UniRef90_A0A2X3KDN9	0.0304725	CCMD14479708ST-21-0_genefamilies-cpm.tsv
UniRef90_P0ABR8	1.28284	CCMD74930188ST-21-0_genefamilies-cpm.tsv
UniRef90_A0A2X3KDN9	1.14889	CCMD74930188ST-21-0_genefamilies-cpm.tsv
UniRef90_P0ABR8	0.153752	CCMD46727384ST-11-0_genefamilies-cpm.tsv
UniRef90_A0A2X3KDN9	0.143319	CCMD46727384ST-11-0_genefamilies-cpm.tsv
UniRef90_A0A376QUM0	0.891935	CCMD86707194ST-21-0_genefamilies-cpm.tsv
UniRef90_A0A2X3KDN9	0.332625	CCMD86707194ST-21-0_genefamilies-cpm.tsv
UniRef90_P0ABR8	0.214113	CCMD86707194ST-21-0_genefamilies-cpm.tsv
UniRef90_A0A376QUM0	0.321556	CCMD10191450ST-11-0_genefamilies-cpm.tsv
UniRef90_A0A2X3KDN9	0.831565	CCMD63399960ST-21-0_genefamilies-cpm.tsv
UniRef90_A0A376QUM0	0.236166	CCMD63399960ST-21-0_genefamilies-cpm.tsv
UniRef90_P0ABR8	0.211078	CCMD63399960ST-21-0_genefamilies-cpm.tsv
UniRef90_P0ABR8	4.01447	CCMD25475945ST-11-0_genefamilies-cpm.tsv
UniRef90_A0A2X3KDN9	3.08349	CCMD25475945ST-11-0_genefamilies-cpm.tsv
UniRef90_A0A2X3KDN9	1.27461	CCMD49025643ST-11-0_genefamilies-cpm.tsv
UniRef90_P0ABR8	0.77838	CCMD49025643ST-11-0_genefamilies-cpm.tsv
UniRef90_P0ABR8	0.092657	CCMD29706695ST-11-0_genefamilies-cpm.tsv
UniRef90_P0ABR8	0.339739	CCMD32965613ST-11-0_genefamilies-cpm.tsv
UniRef90_A0A2X3KDN9	5.36214	CCMD85481373ST-11-0_genefamilies-cpm.tsv
UniRef90_P0ABR8	4.3748	CCMD85481373ST-11-0_genefamilies-cpm.tsv
UniRef90_A0A376QUM0	1.4646	CCMD85481373ST-11-0_genefamilies-cpm.tsv
UniRef90_P0ABR8	0.0217081	CCMD59583015ST-11-0_genefamilies-cpm.tsv
UniRef90_P0ABR8	0.0538647	CCMD23101338ST-21-0_genefamilies-cpm.tsv
UniRef90_A0A2X3KDN9	0.039169	CCMD23101338ST-21-0_genefamilies-cpm.tsv
UniRef90_P0ABR8	0.0422526	CCMD86114146ST-21-0_genefamilies-cpm.tsv
UniRef90_A0A2X3KDN9	0.0242818	CCMD86114146ST-21-0_genefamilies-cpm.tsv
UniRef90_P0ABR8	0.916093	CCMD64776337ST-21-0_genefamilies-cpm.tsv
UniRef90_A0A2X3KDN9	0.876361	CCMD64776337ST-21-0_genefamilies-cpm.tsv
UniRef90_P0ABR8	1.17043	CCMD41202658ST-11-0_genefamilies-cpm.tsv
UniRef90_A0A2X3KDN9	0.641395	CCMD41202658ST-11-0_genefamilies-cpm.tsv
UniRef90_P0ABR8	2.08162	CCMD32288175ST-11-0_genefamilies-cpm.tsv
UniRef90_A0A2X3KDN9	1.52287	CCMD32288175ST-11-0_genefamilies-cpm.tsv
UniRef90_P0ABR8	0.225376	CCMD53508245ST-11-0_genefamilies-cpm.tsv
UniRef90_A0A2X3KDN9	0.208439	CCMD95676152ST-11-0_genefamilies-cpm.tsv
UniRef90_P0ABR8	0.0407471	CCMD95676152ST-11-0_genefamilies-cpm.tsv
UniRef90_A0A2X3KDN9	7.66313	CCMD15562448ST-11-0_genefamilies-cpm.tsv
UniRef90_P0ABR8	5.16817	CCMD15562448ST-11-0_genefamilies-cpm.tsv
UniRef90_A0A376QUM0	0.403135	CCMD15562448ST-11-0_genefamilies-cpm.tsv
UniRef90_P0ABR8	0.0175376	MMPU72854103ST_genefamilies-cpm.tsv
UniRef90_A0A2X3KDN9	0.0146921	MMPU72854103ST_genefamilies-cpm.tsv
UniRef90_P0ABR8	0.588203	CCMD50071957ST-21-0_genefamilies-cpm.tsv
UniRef90_A0A2X3KDN9	0.495067	CCMD50071957ST-21-0_genefamilies-cpm.tsv
UniRef90_P0ABR8	0.0560735	CCMD18579000ST-11-0_genefamilies-cpm.tsv
UniRef90_A0A2X3KDN9	4.53421	SAMD00114732_genefamilies-cpm.tsv
UniRef90_P0ABR8	2.6291	SAMD00114732_genefamilies-cpm.tsv
UniRef90_A0A2X3KDN9	1.43191	SAMD00114967_genefamilies-cpm.tsv
UniRef90_P0ABR8	0.90947	SAMD00114967_genefamilies-cpm.tsv
UniRef90_A0A376QUM0	0.0374857	SAMD00114978_genefamilies-cpm.tsv
UniRef90_A0A376QUM0	3.09025	SAMD00164765_genefamilies-cpm.tsv
UniRef90_P0ABR8	1.72903	SAMD00114893_genefamilies-cpm.tsv
UniRef90_A0A2X3KDN9	0.949263	SAMD00114893_genefamilies-cpm.tsv
UniRef90_A0A2X3KDN9	1.20721	SAMD00164864_genefamilies-cpm.tsv
UniRef90_A0A376QUM0	0.939408	SAMD00164864_genefamilies-cpm.tsv
UniRef90_P0ABR8	0.739926	SAMD00164864_genefamilies-cpm.tsv
UniRef90_P0ABR8	0.700148	SAMD00164984_genefamilies-cpm.tsv
UniRef90_A0A2X3KDN9	0.433495	SAMD00164984_genefamilies-cpm.tsv
UniRef90_A0A376QUM0	9.44122	SAMD00164845_genefamilies-cpm.tsv
UniRef90_A0A2V4GDS6	0.419327	SAMD00164845_genefamilies-cpm.tsv
UniRef90_A0A2X3KDN9	1.25815	SAMD00164756_genefamilies-cpm.tsv
UniRef90_P0ABR8	0.856524	SAMD00164756_genefamilies-cpm.tsv
UniRef90_A0A376QUM0	0.205199	SAMD00164756_genefamilies-cpm.tsv
UniRef90_A0A376QUM0	3.27809	SAMD00164791_genefamilies-cpm.tsv
UniRef90_A0A376QUM0	0.393007	SAMD00164803_genefamilies-cpm.tsv
UniRef90_A0A376QUM0	0.408286	SAMD00114857_genefamilies-cpm.tsv
UniRef90_P0ABR8	0.0588543	SAMD00114857_genefamilies-cpm.tsv
UniRef90_P0ABR8	8.38427	SAMD00114739_genefamilies-cpm.tsv
UniRef90_A0A2X3KDN9	7.61804	SAMD00114739_genefamilies-cpm.tsv
UniRef90_A0A376QUM0	0.64213	SAMD00114819_genefamilies-cpm.tsv
UniRef90_A0A2X3KDN9	0.642116	SAMD00164849_genefamilies-cpm.tsv
UniRef90_P0ABR8	0.439411	SAMD00164849_genefamilies-cpm.tsv
UniRef90_P0ABR8	0.0466809	SAMD00164967_genefamilies-cpm.tsv
UniRef90_A0A2X3KDN9	0.0334672	SAMD00164967_genefamilies-cpm.tsv
UniRef90_A0A2X3KDN9	0.332295	SAMD00114742_genefamilies-cpm.tsv
UniRef90_P0ABR8	0.258635	SAMD00114742_genefamilies-cpm.tsv
UniRef90_P0ABR8	0.81648	SAMD00114976_genefamilies-cpm.tsv
UniRef90_A0A2X3KDN9	0.512174	SAMD00114976_genefamilies-cpm.tsv
UniRef90_A0A376QUM0	0.861552	SAMD00164892_genefamilies-cpm.tsv
UniRef90_A0A2X3KDN9	3.18527	SAMD00164801_genefamilies-cpm.tsv
UniRef90_A0A376QUM0	2.67864	SAMD00164801_genefamilies-cpm.tsv
UniRef90_P0ABR8	1.30054	SAMD00164801_genefamilies-cpm.tsv
UniRef90_A0A376QUM0	0.52269	SAMD00114890_genefamilies-cpm.tsv
UniRef90_A0A376QUM0	0.724451	SAMD00114983_genefamilies-cpm.tsv
UniRef90_A0A376QUM0	35.4342	SAMD00164694_genefamilies-cpm.tsv
UniRef90_A0A376QUM0	0.233149	SAMD00114996_genefamilies-cpm.tsv
UniRef90_P0ABR8	2.31299	SAMD00114722_genefamilies-cpm.tsv
UniRef90_A0A2X3KDN9	1.78066	SAMD00114722_genefamilies-cpm.tsv
UniRef90_A0A2X3KDN9	0.0868065	SAMD00164721_genefamilies-cpm.tsv
UniRef90_P0ABR8	0.0631848	SAMD00164721_genefamilies-cpm.tsv
UniRef90_A0A376QUM0	5.14175	SAMD00115063_genefamilies-cpm.tsv
UniRef90_A0A376QUM0	7.13585	SAMD00164758_genefamilies-cpm.tsv
UniRef90_A0A2X3KDN9	3.22614	SAMD00164758_genefamilies-cpm.tsv
UniRef90_P0ABR8	2.16737	SAMD00164758_genefamilies-cpm.tsv
UniRef90_P0ABR8	2.11692	SAMD00114760_genefamilies-cpm.tsv
UniRef90_A0A2X3KDN9	1.49416	SAMD00114760_genefamilies-cpm.tsv
UniRef90_A0A376QUM0	0.466814	SAMD00114934_genefamilies-cpm.tsv
UniRef90_A0A2X3KDN9	8.69728	SAMD00164991_genefamilies-cpm.tsv
UniRef90_P0ABR8	4.07375	SAMD00164991_genefamilies-cpm.tsv
UniRef90_A0A376QUM0	0.171668	SAMD00164991_genefamilies-cpm.tsv
UniRef90_P0ABR8	1.31793	SAMD00114784_genefamilies-cpm.tsv
UniRef90_A0A2X3KDN9	0.942541	SAMD00114784_genefamilies-cpm.tsv
UniRef90_A0A376QUM0	18.186	SAMD00164908_genefamilies-cpm.tsv
UniRef90_A0A376QUM0	0.15044	SAMD00164860_genefamilies-cpm.tsv
UniRef90_A0A2X3KDN9	0.135871	SAMD00115002_genefamilies-cpm.tsv
UniRef90_P0ABR8	0.110464	SAMD00115002_genefamilies-cpm.tsv
UniRef90_P0ABR8	12.8589	SAMD00115077_genefamilies-cpm.tsv
UniRef90_A0A2X3KDN9	11.226	SAMD00115077_genefamilies-cpm.tsv
UniRef90_A0A376QUM0	6.69139	SAMD00164695_genefamilies-cpm.tsv
UniRef90_P0ABR8	0.661223	SAMD00115069_genefamilies-cpm.tsv
UniRef90_A0A2X3KDN9	0.563422	SAMD00115069_genefamilies-cpm.tsv
UniRef90_A0A376QUM0	6.00144	SAMD00115081_genefamilies-cpm.tsv
UniRef90_A0A2X3KDN9	1.86349	SAMD00164842_genefamilies-cpm.tsv
UniRef90_P0ABR8	1.46285	SAMD00164842_genefamilies-cpm.tsv
UniRef90_A0A2X3KDN9	7.22049	SAMD00114738_genefamilies-cpm.tsv
UniRef90_A0A376QUM0	5.7497	SAMD00114738_genefamilies-cpm.tsv
UniRef90_P0ABR8	4.60566	SAMD00114738_genefamilies-cpm.tsv
UniRef90_A0A2X3KDN9	10.0576	SAMD00114726_genefamilies-cpm.tsv
UniRef90_P0ABR8	7.25725	SAMD00114726_genefamilies-cpm.tsv
UniRef90_A0A376QUM0	0.903409	SAMD00114726_genefamilies-cpm.tsv
UniRef90_A0A376QUM0	0.668833	SAMD00114811_genefamilies-cpm.tsv
UniRef90_A0A376QUM0	0.161044	SAMD00164884_genefamilies-cpm.tsv
UniRef90_A0A2X3KDN9	0.685861	SAMD00164745_genefamilies-cpm.tsv
UniRef90_P0ABR8	0.22914	SAMD00164745_genefamilies-cpm.tsv
UniRef90_P0ABR8	0.0870831	SAMD00114880_genefamilies-cpm.tsv
UniRef90_A0A2X3KDN9	0.839971	SAMD00164962_genefamilies-cpm.tsv
UniRef90_P0ABR8	0.597516	SAMD00164962_genefamilies-cpm.tsv
UniRef90_A0A2X3KDN9	1.03419	SAMD00115085_genefamilies-cpm.tsv
UniRef90_P0ABR8	0.373137	SAMD00115085_genefamilies-cpm.tsv
UniRef90_P0ABR8	0.0509059	SAMD00164970_genefamilies-cpm.tsv
UniRef90_A0A376QUM0	3.44113	SAMD00114750_genefamilies-cpm.tsv
UniRef90_A0A376QUM0	1.98026	SAMD00164893_genefamilies-cpm.tsv
UniRef90_P0ABR8	1.06408	SAMD00164950_genefamilies-cpm.tsv
UniRef90_A0A2X3KDN9	0.78496	SAMD00164950_genefamilies-cpm.tsv
UniRef90_A0A376QUM0	0.237648	SAMD00114770_genefamilies-cpm.tsv
UniRef90_A0A376QUM0	0.269313	SAMD00164998_genefamilies-cpm.tsv
UniRef90_P0ABR8	0.0680109	SAMD00164990_genefamilies-cpm.tsv
UniRef90_A0A2X3KDN9	0.26483	SAMD00114718_genefamilies-cpm.tsv
UniRef90_P0ABR8	0.215442	SAMD00114718_genefamilies-cpm.tsv
UniRef90_A0A376QUM0	0.156991	SAMD00114807_genefamilies-cpm.tsv
UniRef90_A0A2X3KDN9	2.02456	SAMD00114803_genefamilies-cpm.tsv
UniRef90_P0ABR8	0.671322	SAMD00114803_genefamilies-cpm.tsv
UniRef90_A0A376QUM0	0.571403	SAMD00114803_genefamilies-cpm.tsv
UniRef90_P0ABR8	0.362125	SAMD00154992_genefamilies-cpm.tsv
UniRef90_A0A2X3KDN9	0.264422	SAMD00154992_genefamilies-cpm.tsv
UniRef90_A0A376QUM0	0.370916	SAMD00165018_genefamilies-cpm.tsv
UniRef90_A0A2X3KDN9	0.103717	SAMD00164847_genefamilies-cpm.tsv
UniRef90_P0ABR8	0.10232	SAMD00164847_genefamilies-cpm.tsv
UniRef90_P0ABR8	0.146623	SAMD00164727_genefamilies-cpm.tsv
UniRef90_P0ABR8	6.94584	SAMD00114721_genefamilies-cpm.tsv
UniRef90_A0A2X3KDN9	5.29887	SAMD00114721_genefamilies-cpm.tsv
UniRef90_A0A376QUM0	2.33525	SAMD00114827_genefamilies-cpm.tsv
UniRef90_A0A376QUM0	0.0936128	SAMD00114881_genefamilies-cpm.tsv
UniRef90_A0A376QUM0	0.201131	SAMD00164764_genefamilies-cpm.tsv
UniRef90_P0ABR8	0.674946	SAMD00115032_genefamilies-cpm.tsv
UniRef90_A0A2X3KDN9	0.492952	SAMD00115032_genefamilies-cpm.tsv
UniRef90_P0ABR8	0.0148891	SAMD00114795_genefamilies-cpm.tsv
UniRef90_A0A2X3KDN9	0.558168	SAMD00114854_genefamilies-cpm.tsv
UniRef90_P0ABR8	0.532	SAMD00114854_genefamilies-cpm.tsv
UniRef90_P0ABR8	1.92787	SAMD00164934_genefamilies-cpm.tsv
UniRef90_A0A2X3KDN9	1.28635	SAMD00164934_genefamilies-cpm.tsv
UniRef90_A0A376QUM0	0.128436	SAMD00115082_genefamilies-cpm.tsv
UniRef90_A0A2X3KDN9	0.475427	SAMD00114919_genefamilies-cpm.tsv
UniRef90_P0ABR8	0.223189	SAMD00114919_genefamilies-cpm.tsv
UniRef90_A0A376QUM0	0.127597	SAMD00114919_genefamilies-cpm.tsv
UniRef90_A0A376QUM0	1.68186	SAMD00165015_genefamilies-cpm.tsv
UniRef90_A0A376QUM0	0.146031	SAMD00114889_genefamilies-cpm.tsv
UniRef90_A0A376QUM0	0.952926	SAMD00114817_genefamilies-cpm.tsv
UniRef90_A0A2X3KDN9	0.16625	SAMD00114817_genefamilies-cpm.tsv
UniRef90_P0ABR8	0.042552	SAMD00114999_genefamilies-cpm.tsv
UniRef90_A0A376QUM0	0.594095	SAMD00164858_genefamilies-cpm.tsv
UniRef90_P0ABR8	1.91437	SAMD00114778_genefamilies-cpm.tsv
UniRef90_A0A2X3KDN9	1.86889	SAMD00114778_genefamilies-cpm.tsv
UniRef90_A0A376QUM0	0.598937	SAMD00114926_genefamilies-cpm.tsv
UniRef90_P0ABR8	0.410034	SAMD00114858_genefamilies-cpm.tsv
UniRef90_A0A2X3KDN9	0.213798	SAMD00114858_genefamilies-cpm.tsv
UniRef90_P0ABR8	0.124381	SAMD00114779_genefamilies-cpm.tsv
UniRef90_A0A2X3KDN9	0.0232994	SAMD00114779_genefamilies-cpm.tsv
UniRef90_A0A376QUM0	0.468023	SAMD00164981_genefamilies-cpm.tsv
UniRef90_P0ABR8	0.0383121	SAMD00164981_genefamilies-cpm.tsv
UniRef90_A0A376QUM0	0.137781	SAMD00114833_genefamilies-cpm.tsv
UniRef90_A0A376QUM0	0.596442	SAMD00164779_genefamilies-cpm.tsv
UniRef90_P0ABR8	0.602299	SAMD00114938_genefamilies-cpm.tsv
UniRef90_A0A2X3KDN9	0.416707	SAMD00114938_genefamilies-cpm.tsv
UniRef90_A0A376QUM0	0.251111	SAMD00114938_genefamilies-cpm.tsv
UniRef90_A0A376QUM0	11.3407	SAMD00164774_genefamilies-cpm.tsv
UniRef90_P0ABR8	0.174949	SAMD00115083_genefamilies-cpm.tsv
UniRef90_A0A2X3KDN9	0.123262	SAMD00115083_genefamilies-cpm.tsv
UniRef90_A0A2X3KDN9	4.13532	SAMD00114848_genefamilies-cpm.tsv
UniRef90_P0ABR8	2.44045	SAMD00114848_genefamilies-cpm.tsv
UniRef90_A0A376QUM0	1.23245	SAMD00114848_genefamilies-cpm.tsv
UniRef90_A0A376QUM0	17.4056	SAMD00114741_genefamilies-cpm.tsv
UniRef90_A0A376QUM0	0.814232	SAMD00114789_genefamilies-cpm.tsv
UniRef90_P0ABR8	0.499338	SAMD00164826_genefamilies-cpm.tsv
UniRef90_A0A2X3KDN9	0.392871	SAMD00164826_genefamilies-cpm.tsv
UniRef90_A0A376QUM0	0.756945	SAMD00164846_genefamilies-cpm.tsv
UniRef90_P0ABR8	0.455861	SAMD00114993_genefamilies-cpm.tsv
UniRef90_A0A2X3KDN9	0.437058	SAMD00114993_genefamilies-cpm.tsv
UniRef90_A0A376QUM0	1.91923	SAMD00164983_genefamilies-cpm.tsv
UniRef90_A0A2X3KDN9	1.8567	SAMD00164983_genefamilies-cpm.tsv
UniRef90_P0ABR8	1.68978	SAMD00164983_genefamilies-cpm.tsv
UniRef90_A0A2X3KDN9	0.0948393	SAMD00114800_genefamilies-cpm.tsv
UniRef90_P0ABR8	18.9445	SAMD00136653_genefamilies-cpm.tsv
UniRef90_A0A2X3KDN9	15.7022	SAMD00136653_genefamilies-cpm.tsv
UniRef90_P0ABR8	0.0367593	SAMD00165000_genefamilies-cpm.tsv
UniRef90_A0A376QUM0	0.0296146	SAMD00165000_genefamilies-cpm.tsv
UniRef90_A0A2X3KDN9	4.39631	SAMD00115053_genefamilies-cpm.tsv
UniRef90_P0ABR8	0.958835	SAMD00115053_genefamilies-cpm.tsv
UniRef90_A0A376QUM0	0.0650183	SAMD00164806_genefamilies-cpm.tsv
UniRef90_P0ABR8	5.32637	SAMD00114985_genefamilies-cpm.tsv
UniRef90_A0A2X3KDN9	3.82762	SAMD00114985_genefamilies-cpm.tsv
UniRef90_A0A376QUM0	0.761439	SAMD00164729_genefamilies-cpm.tsv
UniRef90_P0ABR8	1.36189	SAMD00114865_genefamilies-cpm.tsv
UniRef90_A0A2X3KDN9	1.17018	SAMD00114865_genefamilies-cpm.tsv
UniRef90_A0A376QUM0	5.81419	SAMD00115039_genefamilies-cpm.tsv
UniRef90_A0A2X3KDN9	4.39918	SAMD00115039_genefamilies-cpm.tsv
UniRef90_P0ABR8	2.74854	SAMD00115039_genefamilies-cpm.tsv
UniRef90_A0A376QUM0	0.231913	SAMD00114824_genefamilies-cpm.tsv
UniRef90_A0A2X3KDN9	0.162523	SAMD00114824_genefamilies-cpm.tsv
UniRef90_P0ABR8	0.182556	SAMD00114806_genefamilies-cpm.tsv
UniRef90_A0A2X3KDN9	0.136276	SAMD00114806_genefamilies-cpm.tsv
UniRef90_A0A376QUM0	0.773497	SAMD00114969_genefamilies-cpm.tsv
UniRef90_P0ABR8	1.67615	SAMD00165033_genefamilies-cpm.tsv
UniRef90_A0A2X3KDN9	1.55971	SAMD00165033_genefamilies-cpm.tsv
UniRef90_A0A376QUM0	0.421938	SAMD00165033_genefamilies-cpm.tsv
UniRef90_P0ABR8	0.175062	SAMD00164781_genefamilies-cpm.tsv
UniRef90_A0A2X3KDN9	0.0279823	SAMD00164781_genefamilies-cpm.tsv
UniRef90_A0A376QUM0	0.123082	SAMD00164874_genefamilies-cpm.tsv
UniRef90_A0A376QUM0	0.8055	SAMD00114904_genefamilies-cpm.tsv
UniRef90_P0ABR8	0.639599	SAMD00115050_genefamilies-cpm.tsv
UniRef90_A0A2X3KDN9	0.460291	SAMD00115050_genefamilies-cpm.tsv
UniRef90_A0A376QUM0	0.500824	SAMD00164757_genefamilies-cpm.tsv
UniRef90_A0A2X3KDN9	0.129277	SAMD00164757_genefamilies-cpm.tsv
UniRef90_A0A376QUM0	0.30112	SAMD00114787_genefamilies-cpm.tsv
UniRef90_A0A376QUM0	10.8354	SAMD00114748_genefamilies-cpm.tsv
UniRef90_P0ABR8	0.622102	SAMD00114875_genefamilies-cpm.tsv
UniRef90_A0A2X3KDN9	0.458115	SAMD00114875_genefamilies-cpm.tsv
UniRef90_A0A376QUM0	0.226388	SAMD00114864_genefamilies-cpm.tsv
UniRef90_P0ABR8	0.191537	SAMD00114915_genefamilies-cpm.tsv
UniRef90_P0ABR8	1.3938	SAMD00115001_genefamilies-cpm.tsv
UniRef90_A0A2X3KDN9	1.0068	SAMD00115001_genefamilies-cpm.tsv
UniRef90_A0A2X3KDN9	0.34428	SAMD00164822_genefamilies-cpm.tsv
UniRef90_P0ABR8	0.945429	SAMD00164868_genefamilies-cpm.tsv
UniRef90_A0A2X3KDN9	0.902181	SAMD00164868_genefamilies-cpm.tsv
UniRef90_P0ABR8	0.518871	SAMD00115089_genefamilies-cpm.tsv
UniRef90_A0A2X3KDN9	0.421201	SAMD00115089_genefamilies-cpm.tsv
UniRef90_A0A376QUM0	0.809534	SAMD00164812_genefamilies-cpm.tsv
UniRef90_A0A2X3KDN9	0.273817	SAMD00114974_genefamilies-cpm.tsv
UniRef90_A0A376QUM0	0.256674	SAMD00114974_genefamilies-cpm.tsv
UniRef90_P0ABR8	0.184611	SAMD00114974_genefamilies-cpm.tsv
UniRef90_P0ABR8	0.32919	SAMD00114825_genefamilies-cpm.tsv
UniRef90_A0A2X3KDN9	0.184672	SAMD00114825_genefamilies-cpm.tsv
UniRef90_A0A376QUM0	0.123117	SAMD00165026_genefamilies-cpm.tsv
UniRef90_A0A2X3KDN9	1.99304	SAMD00164717_genefamilies-cpm.tsv
UniRef90_P0ABR8	1.77648	SAMD00164717_genefamilies-cpm.tsv
UniRef90_A0A2X3KDN9	6.07101	SAMD00164924_genefamilies-cpm.tsv
UniRef90_P0ABR8	3.27047	SAMD00164924_genefamilies-cpm.tsv
UniRef90_A0A376QUM0	0.772727	SAMD00164924_genefamilies-cpm.tsv
UniRef90_A0A376QUM0	0.301396	SAMD00164873_genefamilies-cpm.tsv
UniRef90_A0A376QUM0	0.64586	SAMD00114989_genefamilies-cpm.tsv
UniRef90_A0A2V4GDS6	0.134203	SAMD00164933_genefamilies-cpm.tsv
UniRef90_A0A376QUM0	1.03009	SAMD00154994_genefamilies-cpm.tsv
UniRef90_P0ABR8	0.0120328	SAMD00154994_genefamilies-cpm.tsv
UniRef90_P0ABR8	0.258397	SAMD00164922_genefamilies-cpm.tsv
UniRef90_A0A2X3KDN9	0.241905	SAMD00164922_genefamilies-cpm.tsv
UniRef90_A0A376QUM0	0.526952	SAMD00164777_genefamilies-cpm.tsv
UniRef90_P0ABR8	0.14961	SAMD00164777_genefamilies-cpm.tsv
UniRef90_A0A376QUM0	0.263873	SAMD00115052_genefamilies-cpm.tsv
UniRef90_P0ABR8	0.269439	SAMD00114733_genefamilies-cpm.tsv
UniRef90_A0A2X3KDN9	0.154515	SAMD00114733_genefamilies-cpm.tsv
UniRef90_A0A376QUM0	1.30714	SAMD00114990_genefamilies-cpm.tsv
UniRef90_P0ABR8	0.113112	SAMD00164935_genefamilies-cpm.tsv
UniRef90_A0A2X3KDN9	0.787801	SAMD00114911_genefamilies-cpm.tsv
UniRef90_P0ABR8	0.404809	SAMD00114911_genefamilies-cpm.tsv
UniRef90_P0ABR8	0.341163	SAMD00164750_genefamilies-cpm.tsv
UniRef90_A0A2X3KDN9	0.163477	SAMD00164750_genefamilies-cpm.tsv
UniRef90_A0A2X3KDN9	6.61035	SAMD00114773_genefamilies-cpm.tsv
UniRef90_P0ABR8	4.83542	SAMD00114773_genefamilies-cpm.tsv
UniRef90_A0A2X3KDN9	2.06388	SAMD00115071_genefamilies-cpm.tsv
UniRef90_P0ABR8	1.35484	SAMD00115071_genefamilies-cpm.tsv
UniRef90_A0A376QUM0	0.394649	SAMD00115071_genefamilies-cpm.tsv
UniRef90_A0A376QUM0	0.594311	SAMD00114781_genefamilies-cpm.tsv
UniRef90_A0A376QUM0	0.489783	SAMD00114933_genefamilies-cpm.tsv
UniRef90_A0A2X3KDN9	0.088726	SAMD00114783_genefamilies-cpm.tsv
UniRef90_P0ABR8	0.0748209	SAMD00114783_genefamilies-cpm.tsv
UniRef90_A0A376QUM0	0.202073	SAMD00164964_genefamilies-cpm.tsv
UniRef90_A0A376QUM0	18.3913	SAMD00165005_genefamilies-cpm.tsv
UniRef90_A0A376QUM0	0.138195	SAMD00114720_genefamilies-cpm.tsv
UniRef90_A0A2X3KDN9	2.32526	SAMD00114997_genefamilies-cpm.tsv
UniRef90_P0ABR8	0.733076	SAMD00114997_genefamilies-cpm.tsv
UniRef90_P0ABR8	0.0886952	SAMD00114886_genefamilies-cpm.tsv
UniRef90_A0A2X3KDN9	0.0530415	SAMD00114886_genefamilies-cpm.tsv
UniRef90_A0A376QUM0	5.45497	SAMD00164760_genefamilies-cpm.tsv
UniRef90_A0A2X3KDN9	0.127263	SAMD00114959_genefamilies-cpm.tsv
UniRef90_P0ABR8	0.0868813	SAMD00114959_genefamilies-cpm.tsv
UniRef90_P0ABR8	9.79509	SAMD00114877_genefamilies-cpm.tsv
UniRef90_A0A2X3KDN9	8.80876	SAMD00114877_genefamilies-cpm.tsv
UniRef90_A0A2X3KDN9	0.193284	SAMD00164780_genefamilies-cpm.tsv
UniRef90_P0ABR8	0.133054	SAMD00164780_genefamilies-cpm.tsv
UniRef90_A0A376QUM0	0.72247	SAMD00114771_genefamilies-cpm.tsv
UniRef90_A0A376QUM0	27.6179	SAMD00164894_genefamilies-cpm.tsv
UniRef90_A0A376QUM0	1.43918	SAMD00164840_genefamilies-cpm.tsv
UniRef90_P0ABR8	0.0754844	SAMD00114855_genefamilies-cpm.tsv
UniRef90_A0A376QUM0	0.547213	SAMD00114823_genefamilies-cpm.tsv
UniRef90_A0A376QUM0	0.233131	SAMD00114759_genefamilies-cpm.tsv
UniRef90_P0ABR8	4.88011	SAMD00164886_genefamilies-cpm.tsv
UniRef90_A0A376QUM0	0.100542	SAMD00114964_genefamilies-cpm.tsv
UniRef90_P0ABR8	1.58393	SAMD00115073_genefamilies-cpm.tsv
UniRef90_A0A2X3KDN9	1.15449	SAMD00115073_genefamilies-cpm.tsv
UniRef90_P0ABR8	3.41458	SAMD00164823_genefamilies-cpm.tsv
UniRef90_A0A2X3KDN9	3.08884	SAMD00164823_genefamilies-cpm.tsv
UniRef90_A0A2X3KDN9	17.9558	SAMD00114902_genefamilies-cpm.tsv
UniRef90_P0ABR8	14.0617	SAMD00114902_genefamilies-cpm.tsv
UniRef90_A0A376QUM0	1.92999	SAMD00114902_genefamilies-cpm.tsv
UniRef90_A0A376QUM0	0.586299	SAMD00164744_genefamilies-cpm.tsv
UniRef90_A0A376QUM0	2.94022	SAMD00164772_genefamilies-cpm.tsv
UniRef90_A0A2X3KDN9	0.323143	SAMD00164772_genefamilies-cpm.tsv
UniRef90_P0ABR8	0.177797	SAMD00164772_genefamilies-cpm.tsv
UniRef90_A0A2X3KDN9	0.145914	SAMD00164857_genefamilies-cpm.tsv
UniRef90_P0ABR8	0.088561	SAMD00164857_genefamilies-cpm.tsv
UniRef90_A0A2X3KDN9	8.49566	SAMD00114844_genefamilies-cpm.tsv
UniRef90_P0ABR8	1.77837	SAMD00114844_genefamilies-cpm.tsv
UniRef90_A0A2X3KDN9	0.989871	SAMD00164974_genefamilies-cpm.tsv
UniRef90_P0ABR8	0.561718	SAMD00164974_genefamilies-cpm.tsv
UniRef90_A0A376QUM0	0.315139	SAMD00164974_genefamilies-cpm.tsv
UniRef90_A0A376QUM0	0.0419824	SAMD00115011_genefamilies-cpm.tsv
UniRef90_A0A2X3KDN9	0.22763	SAMD00164891_genefamilies-cpm.tsv
UniRef90_P0ABR8	0.177743	SAMD00164891_genefamilies-cpm.tsv
UniRef90_A0A376QUM0	0.215077	SAMD00114874_genefamilies-cpm.tsv
UniRef90_A0A376QUM0	19.7597	SAMD00114813_genefamilies-cpm.tsv
UniRef90_A0A2X3KDN9	13.6913	SAMD00114813_genefamilies-cpm.tsv
UniRef90_P0ABR8	5.12127	SAMD00114813_genefamilies-cpm.tsv
UniRef90_A0A376QUM0	11.7509	SAMD00114901_genefamilies-cpm.tsv
UniRef90_A0A2X3KDN9	6.03386	SAMD00114901_genefamilies-cpm.tsv
UniRef90_P0ABR8	4.26048	SAMD00114901_genefamilies-cpm.tsv
UniRef90_A0A376QUM0	2.49046	SAMD00165023_genefamilies-cpm.tsv
UniRef90_A0A2X3KDN9	1.15382	SAMD00115070_genefamilies-cpm.tsv
UniRef90_P0ABR8	0.494295	SAMD00115070_genefamilies-cpm.tsv
UniRef90_A0A376QUM0	0.328786	SAMD00164851_genefamilies-cpm.tsv
UniRef90_P0ABR8	0.189626	SAMD00164809_genefamilies-cpm.tsv
UniRef90_A0A2X3KDN9	0.127201	SAMD00154991_genefamilies-cpm.tsv
UniRef90_P0ABR8	1.09586	SAMD00114815_genefamilies-cpm.tsv
UniRef90_A0A2X3KDN9	0.926575	SAMD00114815_genefamilies-cpm.tsv
UniRef90_A0A2X3KDN9	8.26429	SAMD00115060_genefamilies-cpm.tsv
UniRef90_P0ABR8	6.34692	SAMD00115060_genefamilies-cpm.tsv
UniRef90_A0A376QUM0	0.152643	SAMD00115060_genefamilies-cpm.tsv
UniRef90_A0A376QUM0	2.89416	SAMD00165014_genefamilies-cpm.tsv
UniRef90_A0A376QUM0	1.044	SAMD00115010_genefamilies-cpm.tsv
UniRef90_P0ABR8	0.330637	SAMD00114743_genefamilies-cpm.tsv
UniRef90_A0A2X3KDN9	12.8251	SAMD00114838_genefamilies-cpm.tsv
UniRef90_P0ABR8	2.70105	SAMD00114838_genefamilies-cpm.tsv
UniRef90_A0A376QUM0	0.411573	SAMD00114838_genefamilies-cpm.tsv
UniRef90_A0A376QUM0	0.924721	SAMD00114966_genefamilies-cpm.tsv
UniRef90_A0A2X3KDN9	0.494565	SAMD00114966_genefamilies-cpm.tsv
UniRef90_P0ABR8	0.450487	SAMD00114966_genefamilies-cpm.tsv
UniRef90_A0A376QUM0	0.0290738	SAMD00164987_genefamilies-cpm.tsv
UniRef90_P0ABR8	0.0166933	SAMD00164987_genefamilies-cpm.tsv
UniRef90_A0A2X3KDN9	4.8448	SAMD00164755_genefamilies-cpm.tsv
UniRef90_P0ABR8	2.95917	SAMD00164755_genefamilies-cpm.tsv
UniRef90_A0A376QUM0	0.170115	SAMD00164755_genefamilies-cpm.tsv
UniRef90_A0A2X3KDN9	0.93052	SZAXPI003414-3_genefamilies-cpm.tsv
UniRef90_P0ABR8	0.606006	SZAXPI003414-3_genefamilies-cpm.tsv
UniRef90_P0ABR8	0.0458644	SZAXPI003430-5_genefamilies-cpm.tsv
UniRef90_A0A2X3KDN9	0.0339724	SZAXPI003430-5_genefamilies-cpm.tsv
UniRef90_A0A376QUM0	0.151555	SZAXPI003423-8_genefamilies-cpm.tsv
UniRef90_A0A2X3KDN9	0.315214	SZAXPI017582-94_genefamilies-cpm.tsv
UniRef90_P0ABR8	0.240568	SZAXPI017582-94_genefamilies-cpm.tsv
UniRef90_P0ABR8	0.0299151	SZAXPI015265-88_genefamilies-cpm.tsv
UniRef90_A0A376QUM0	0.357197	SZAXPI015245-33_genefamilies-cpm.tsv
UniRef90_A0A2X3KDN9	0.37202	SZAXPI003433-7_genefamilies-cpm.tsv
UniRef90_P0ABR8	0.172021	SZAXPI003433-7_genefamilies-cpm.tsv
UniRef90_A0A2X3KDN9	0.816737	SZAXPI015231-17_genefamilies-cpm.tsv
UniRef90_P0ABR8	0.43062	SZAXPI015231-17_genefamilies-cpm.tsv
UniRef90_A0A376QUM0	0.212932	SZAXPI015246-34_genefamilies-cpm.tsv
UniRef90_P0ABR8	0.0414313	SZAXPI015246-34_genefamilies-cpm.tsv
UniRef90_A0A2X3KDN9	0.336995	SZAXPI017461-32_genefamilies-cpm.tsv
UniRef90_P0ABR8	0.0754618	SZAXPI017461-32_genefamilies-cpm.tsv
UniRef90_P0ABR8	0.888408	SZAXPI015219-129_genefamilies-cpm.tsv
UniRef90_A0A2X3KDN9	0.723204	SZAXPI015219-129_genefamilies-cpm.tsv
UniRef90_A0A2X3KDN9	0.61299	SZAXPI015214-19_genefamilies-cpm.tsv
UniRef90_P0ABR8	0.464408	SZAXPI015214-19_genefamilies-cpm.tsv
UniRef90_A0A376QUM0	0.411723	SZAXPI015214-19_genefamilies-cpm.tsv
UniRef90_P0ABR8	0.0457448	SZAXPI015252-43_genefamilies-cpm.tsv
UniRef90_P0ABR8	0.156313	SZAXPI015254-45_genefamilies-cpm.tsv
UniRef90_A0A2X3KDN9	0.14031	SZAXPI015254-45_genefamilies-cpm.tsv
UniRef90_P0ABR8	7.97971	SZAXPI015238-24_genefamilies-cpm.tsv
UniRef90_A0A2X3KDN9	7.21879	SZAXPI015238-24_genefamilies-cpm.tsv
UniRef90_A0A2X3KDN9	0.221913	SZAXPI015248-36_genefamilies-cpm.tsv
UniRef90_P0ABR8	0.317923	SZAXPI017465-43_genefamilies-cpm.tsv
UniRef90_A0A2X3KDN9	23.238	SZAXPI003432-12_genefamilies-cpm.tsv
UniRef90_P0ABR8	14.6948	SZAXPI003432-12_genefamilies-cpm.tsv
UniRef90_A0A2X3KDN9	5.34819	SZAXPI017456-23_genefamilies-cpm.tsv
UniRef90_P0ABR8	3.6089	SZAXPI017456-23_genefamilies-cpm.tsv
UniRef90_A0A376QUM0	0.211939	SZAXPI017456-23_genefamilies-cpm.tsv
UniRef90_A0A2X3KDN9	10.2229	SZAXPI003426-11_genefamilies-cpm.tsv
UniRef90_P0ABR8	4.82868	SZAXPI003426-11_genefamilies-cpm.tsv
UniRef90_A0A376QUM0	1.89647	SZAXPI003426-11_genefamilies-cpm.tsv
UniRef90_A0A376QUM0	1.24517	SZAXPI003410-3_genefamilies-cpm.tsv
UniRef90_P0ABR8	0.0488215	SZAXPI003410-3_genefamilies-cpm.tsv
UniRef90_P0ABR8	0.0595775	SZAXPI003427-1_genefamilies-cpm.tsv
UniRef90_A0A2X3KDN9	6.36916	SZAXPI003415-12_genefamilies-cpm.tsv
UniRef90_P0ABR8	3.83101	SZAXPI003415-12_genefamilies-cpm.tsv
UniRef90_A0A376QUM0	0.306079	SZAXPI003420-4_genefamilies-cpm.tsv
UniRef90_A0A2X3KDN9	0.0889943	SZAXPI003420-4_genefamilies-cpm.tsv
UniRef90_A0A2X3KDN9	0.318119	SZAXPI015215-20_genefamilies-cpm.tsv
UniRef90_P0ABR8	0.247319	SZAXPI015215-20_genefamilies-cpm.tsv
UniRef90_P0ABR8	0.228425	SZAXPI003416-4_genefamilies-cpm.tsv
UniRef90_A0A2X3KDN9	0.1615	SZAXPI003416-4_genefamilies-cpm.tsv
UniRef90_A0A2X3KDN9	0.416674	SZAXPI015210-17_genefamilies-cpm.tsv
UniRef90_P0ABR8	0.359853	SZAXPI015210-17_genefamilies-cpm.tsv
UniRef90_A0A376QUM0	0.437723	SZAXPI015225-18_genefamilies-cpm.tsv
UniRef90_P0ABR8	0.0477223	SZAXPI015225-18_genefamilies-cpm.tsv
UniRef90_A0A1W5DQ75	0.0894986	SZAXPI015266-89_genefamilies-cpm.tsv
UniRef90_A0A2X3KDN9	0.397421	SZAXPI015259-62_genefamilies-cpm.tsv
UniRef90_P0ABR8	0.241393	SZAXPI015259-62_genefamilies-cpm.tsv
UniRef90_A0A376QUM0	1.56491	SZAXPI015213-15_genefamilies-cpm.tsv
UniRef90_P0ABR8	0.163441	SZAXPI003429-3_genefamilies-cpm.tsv
UniRef90_A0A2X3KDN9	0.136588	SZAXPI003429-3_genefamilies-cpm.tsv
UniRef90_P0ABR8	0.0584721	SZAXPI015263-84_genefamilies-cpm.tsv
UniRef90_A0A2X3KDN9	0.0440397	SZAXPI015263-84_genefamilies-cpm.tsv
UniRef90_A0A2X3KDN9	0.237544	SZAXPI015226-14_genefamilies-cpm.tsv
UniRef90_P0ABR8	0.178452	SZAXPI015226-14_genefamilies-cpm.tsv
UniRef90_A0A376QUM0	3.06325	SZAXPI003422-11_genefamilies-cpm.tsv
UniRef90_P0ABR8	0.0317001	SZAXPI003422-11_genefamilies-cpm.tsv
UniRef90_A0A2X3KDN9	0.0204032	SZAXPI003422-11_genefamilies-cpm.tsv
UniRef90_A0A2X3KDN9	12.8075	SZAXPI015243-31_genefamilies-cpm.tsv
UniRef90_P0ABR8	8.36269	SZAXPI015243-31_genefamilies-cpm.tsv
UniRef90_A0A376QUM0	0.174785	SZAXPI015243-31_genefamilies-cpm.tsv
UniRef90_A0A376QUM0	0.31532	SZAXPI017462-33_genefamilies-cpm.tsv
UniRef90_A0A2X3KDN9	0.404923	SZAXPI017584-108_genefamilies-cpm.tsv
UniRef90_P0ABR8	0.0631615	SZAXPI017584-108_genefamilies-cpm.tsv
UniRef90_A0A2X3KDN9	1.07758	SZAXPI015253-44_genefamilies-cpm.tsv
UniRef90_P0ABR8	0.492406	SZAXPI015253-44_genefamilies-cpm.tsv
UniRef90_A0A376QUM0	0.146512	SZAXPI015253-44_genefamilies-cpm.tsv
UniRef90_A0A2X3KDN9	0.152563	SZAXPI003435-11_genefamilies-cpm.tsv
UniRef90_A0A2X3KDN9	10.2482	SZAXPI017451-16_genefamilies-cpm.tsv
UniRef90_P0ABR8	6.25845	SZAXPI017451-16_genefamilies-cpm.tsv
UniRef90_A0A376QUM0	0.514277	SZAXPI017451-16_genefamilies-cpm.tsv
UniRef90_A0A376QUM0	4.935	SZAXPI017468-88_genefamilies-cpm.tsv
UniRef90_A0A2X3KDN9	0.392421	SZAXPI015244-32_genefamilies-cpm.tsv
UniRef90_P0ABR8	0.139919	SZAXPI015244-32_genefamilies-cpm.tsv
UniRef90_P0ABR8	0.0394803	SZAXPI015209-133_genefamilies-cpm.tsv
UniRef90_A0A2X3KDN9	0.226429	SZAXPI015235-21_genefamilies-cpm.tsv
UniRef90_A0A376QUM0	0.119331	SZAXPI015235-21_genefamilies-cpm.tsv
UniRef90_P0ABR8	0.443442	SZAXPI003436-7_genefamilies-cpm.tsv
UniRef90_A0A2X3KDN9	0.346155	SZAXPI003436-7_genefamilies-cpm.tsv
UniRef90_A0A2X3KDN9	0.113269	SZAXPI015239-25_genefamilies-cpm.tsv
UniRef90_A0A376QUM0	0.198563	SZAXPI003434-7_genefamilies-cpm.tsv
UniRef90_P0ABR8	0.0361793	SZAXPI003437-3_genefamilies-cpm.tsv
UniRef90_A0A376QUM0	5.10892	SZAXPI015247-35_genefamilies-cpm.tsv
UniRef90_A0A2X3KDN9	0.344443	SZAXPI015247-35_genefamilies-cpm.tsv
UniRef90_P0ABR8	0.0393597	SZAXPI015247-35_genefamilies-cpm.tsv
UniRef90_A0A2X3KDN9	0.469973	SZAXPI015237-23_genefamilies-cpm.tsv
UniRef90_P0ABR8	0.36041	SZAXPI015237-23_genefamilies-cpm.tsv
UniRef90_A0A376QUM0	2.55636	SZAXPI015255-46_genefamilies-cpm.tsv
UniRef90_A0A2X3KDN9	0.239275	SZAXPI015255-46_genefamilies-cpm.tsv
UniRef90_P0ABR8	0.0349498	SZAXPI017593-158_genefamilies-cpm.tsv
UniRef90_A0A2X3KDN9	3.67361	SZAXPI003425-1_genefamilies-cpm.tsv
UniRef90_P0ABR8	1.96304	SZAXPI003425-1_genefamilies-cpm.tsv
UniRef90_A0A376QUM0	0.17252	SZAXPI003425-1_genefamilies-cpm.tsv
UniRef90_A0A2X3KDN9	16.1812	SZAXPI015229-15_genefamilies-cpm.tsv
UniRef90_A0A376QUM0	14.5901	SZAXPI015229-15_genefamilies-cpm.tsv
UniRef90_P0ABR8	9.07929	SZAXPI015229-15_genefamilies-cpm.tsv
UniRef90_P0ABR8	0.241385	SZAXPI015257-56_genefamilies-cpm.tsv
UniRef90_A0A2X3KDN9	0.151436	SZAXPI015257-56_genefamilies-cpm.tsv
UniRef90_A0A2X3KDN9	2.00067	SZAXPI017588-123_genefamilies-cpm.tsv
UniRef90_P0ABR8	1.173	SZAXPI017588-123_genefamilies-cpm.tsv
UniRef90_A0A376QUM0	0.407714	SZAXPI017588-123_genefamilies-cpm.tsv
UniRef90_P0ABR8	0.0435951	SZAXPI015217-140_genefamilies-cpm.tsv
UniRef90_A0A2X3KDN9	0.971337	SZAXPI003428-6_genefamilies-cpm.tsv
UniRef90_P0ABR8	0.590278	SZAXPI003428-6_genefamilies-cpm.tsv
UniRef90_P0ABR8	0.559305	SZAXPI017458-25_genefamilies-cpm.tsv
UniRef90_A0A2X3KDN9	0.558506	SZAXPI017458-25_genefamilies-cpm.tsv
UniRef90_P0ABR8	0.378577	SZAXPI017581-93_genefamilies-cpm.tsv
UniRef90_A0A2X3KDN9	0.267223	SZAXPI017581-93_genefamilies-cpm.tsv
UniRef90_A0A376QUM0	1.54686	SZAXPI015212-113_genefamilies-cpm.tsv
UniRef90_A0A2X3KDN9	0.177524	SZAXPI015212-113_genefamilies-cpm.tsv
UniRef90_P0ABR8	0.0891959	SZAXPI015212-113_genefamilies-cpm.tsv
UniRef90_A0A2X3KDN9	0.217835	SZAXPI015240-26_genefamilies-cpm.tsv
UniRef90_A0A376QUM0	0.141342	SZAXPI015240-26_genefamilies-cpm.tsv
UniRef90_P0ABR8	0.089945	SZAXPI015240-26_genefamilies-cpm.tsv
UniRef90_A0A2X3KDN9	4.58369	SZAXPI015232-18_genefamilies-cpm.tsv
UniRef90_P0ABR8	1.08704	SZAXPI015232-18_genefamilies-cpm.tsv
UniRef90_A0A376QUM0	0.11854	SZAXPI015232-18_genefamilies-cpm.tsv
UniRef90_A0A376QUM0	0.23413	SZAXPI003431-1_genefamilies-cpm.tsv
UniRef90_P0ABR8	0.0414037	SZAXPI003431-1_genefamilies-cpm.tsv
UniRef90_A0A2X3KDN9	23.9868	SZAXPI015267-102_genefamilies-cpm.tsv
UniRef90_P0ABR8	11.2586	SZAXPI015267-102_genefamilies-cpm.tsv
UniRef90_A0A376QUM0	0.162803	SZAXPI015267-102_genefamilies-cpm.tsv
UniRef90_A0A2X3KDN9	1.74483	SZAXPI003421-5_genefamilies-cpm.tsv
UniRef90_P0ABR8	0.772993	SZAXPI003421-5_genefamilies-cpm.tsv
UniRef90_A0A376QUM0	0.144062	SZAXPI003421-5_genefamilies-cpm.tsv
UniRef90_A0A2X3KDN9	1.81257	SZAXPI017587-113_genefamilies-cpm.tsv
UniRef90_P0ABR8	1.03779	SZAXPI017587-113_genefamilies-cpm.tsv
UniRef90_A0A2X3KDN9	0.547545	SZAXPI015233-19_genefamilies-cpm.tsv
UniRef90_A0A376QUM0	0.315968	SZAXPI015233-19_genefamilies-cpm.tsv
UniRef90_P0ABR8	0.158127	SZAXPI015233-19_genefamilies-cpm.tsv
UniRef90_A0A376QUM0	14.6352	SZAXPI003418-8_genefamilies-cpm.tsv
UniRef90_A0A2X3KDN9	3.09393	SZAXPI003418-8_genefamilies-cpm.tsv
UniRef90_P0ABR8	1.75182	SZAXPI003418-8_genefamilies-cpm.tsv
UniRef90_P0ABR8	0.0428055	SZAXPI015269-94_genefamilies-cpm.tsv
UniRef90_A0A2X3KDN9	0.0365603	SZAXPI015269-94_genefamilies-cpm.tsv
UniRef90_P0ABR8	0.218833	SZAXPI015222-123_genefamilies-cpm.tsv
UniRef90_A0A2X3KDN9	0.198405	SZAXPI015222-123_genefamilies-cpm.tsv
UniRef90_A0A376QUM0	6.19081	SZAXPI017454-20_genefamilies-cpm.tsv
UniRef90_A0A2X3KDN9	0.106779	SZAXPI017454-20_genefamilies-cpm.tsv
UniRef90_A0A2X3KDN9	0.247156	SZAXPI015249-37_genefamilies-cpm.tsv
UniRef90_A0A2X3KDN9	0.986776	SZAXPI015251-41_genefamilies-cpm.tsv
UniRef90_P0ABR8	0.560332	SZAXPI015251-41_genefamilies-cpm.tsv
UniRef90_A0A376QUM0	0.462079	SZAXPI015251-41_genefamilies-cpm.tsv
UniRef90_A0A2X3KDN9	0.219759	SZAXPI015211-166_genefamilies-cpm.tsv
UniRef90_P0ABR8	0.145836	SZAXPI015211-166_genefamilies-cpm.tsv
UniRef90_A0A2X3KDN9	15.8335	SZAXPI003417-4_genefamilies-cpm.tsv
UniRef90_P0ABR8	9.73199	SZAXPI003417-4_genefamilies-cpm.tsv
UniRef90_A0A376QUM0	0.134694	SZAXPI003417-4_genefamilies-cpm.tsv
UniRef90_A0A2X3KDN9	2.40839	SZAXPI015274-111_genefamilies-cpm.tsv
UniRef90_P0ABR8	2.3729	SZAXPI015274-111_genefamilies-cpm.tsv
UniRef90_P0ABR8	0.171322	SZAXPI017586-111_genefamilies-cpm.tsv
UniRef90_A0A2X3KDN9	1.48234	SZAXPI015234-20_genefamilies-cpm.tsv
UniRef90_P0ABR8	0.843501	SZAXPI015234-20_genefamilies-cpm.tsv
UniRef90_A0A2X3KDN9	0.194939	SZAXPI003411-6_genefamilies-cpm.tsv
UniRef90_P0ABR8	0.0553938	SZAXPI003411-6_genefamilies-cpm.tsv
UniRef90_A0A2X3KDN9	6.65331	SZAXPI003409-8_genefamilies-cpm.tsv
UniRef90_P0ABR8	4.34473	SZAXPI003409-8_genefamilies-cpm.tsv
UniRef90_A0A2X3KDN9	0.166816	SZAXPI015218-16_genefamilies-cpm.tsv
UniRef90_P0ABR8	0.0483798	SZAXPI015218-16_genefamilies-cpm.tsv
UniRef90_P0ABR8	0.0482427	SZAXPI003412-1_genefamilies-cpm.tsv
UniRef90_A0A2X3KDN9	0.0410415	SZAXPI003412-1_genefamilies-cpm.tsv
UniRef90_A0A2X3KDN9	3.40367	SZAXPI017453-19_genefamilies-cpm.tsv
UniRef90_P0ABR8	2.15309	SZAXPI017453-19_genefamilies-cpm.tsv
UniRef90_P0ABR8	1.23794	SZAXPI017592-142_genefamilies-cpm.tsv
UniRef90_A0A2X3KDN9	0.878093	SZAXPI017592-142_genefamilies-cpm.tsv
UniRef90_A0A2X3KDN9	13.7513	SZAXPI015260-74_genefamilies-cpm.tsv
UniRef90_P0ABR8	9.34448	SZAXPI015260-74_genefamilies-cpm.tsv
UniRef90_A0A376QUM0	0.445073	SZAXPI015260-74_genefamilies-cpm.tsv
UniRef90_A0A2X3KDN9	0.143907	SZAXPI015250-39_genefamilies-cpm.tsv
UniRef90_A0A2X3KDN9	13.9653	SZAXPI017595-169_genefamilies-cpm.tsv
UniRef90_P0ABR8	9.6718	SZAXPI017595-169_genefamilies-cpm.tsv
UniRef90_A0A376QUM0	0.904883	SZAXPI017595-169_genefamilies-cpm.tsv
UniRef90_A0A2X3KDN9	0.110594	SZAXPI015268-109_genefamilies-cpm.tsv
UniRef90_A0A376QUM0	0.110474	SZAXPI015268-109_genefamilies-cpm.tsv
UniRef90_A0A376QUM0	0.105259	SZAXPI015258-57_genefamilies-cpm.tsv
UniRef90_A0A2X3KDN9	2.4946	SZAXPI015241-27_genefamilies-cpm.tsv
UniRef90_P0ABR8	1.49985	SZAXPI015241-27_genefamilies-cpm.tsv
UniRef90_A0A2X3KDN9	0.645955	SZAXPI015227-13_genefamilies-cpm.tsv
UniRef90_A0A376QUM0	0.433434	SZAXPI015227-13_genefamilies-cpm.tsv
UniRef90_P0ABR8	0.297676	SZAXPI015227-13_genefamilies-cpm.tsv
UniRef90_A0A2X3KDN9	9.09614	CCIS44757994ST-4-0_genefamilies-cpm.tsv
UniRef90_P0ABR8	8.81018	CCIS44757994ST-4-0_genefamilies-cpm.tsv
UniRef90_P0ABR8	0.042669	CCIS44743950ST-4-0_genefamilies-cpm.tsv
UniRef90_A0A2X3KDN9	0.0422059	CCIS44743950ST-4-0_genefamilies-cpm.tsv
UniRef90_P0ABR8	0.205508	CCIS83870198ST-4-0_genefamilies-cpm.tsv
UniRef90_P0ABR8	2.78189	CCIS41288781ST-4-0_genefamilies-cpm.tsv
UniRef90_A0A2X3KDN9	2.24095	CCIS41288781ST-4-0_genefamilies-cpm.tsv
UniRef90_P0ABR8	1.69863	CCIS81710917ST-20-0_genefamilies-cpm.tsv
UniRef90_A0A2X3KDN9	1.48067	CCIS81710917ST-20-0_genefamilies-cpm.tsv
UniRef90_P0ABR8	0.539367	CCIS37250421ST-4-0_genefamilies-cpm.tsv
UniRef90_A0A2X3KDN9	0.384524	CCIS37250421ST-4-0_genefamilies-cpm.tsv
UniRef90_A0A376QUM0	0.54373	CCIS50369211ST-20-0_genefamilies-cpm.tsv
UniRef90_P0ABR8	0.118431	CCIS25399172ST-4-0_genefamilies-cpm.tsv
UniRef90_A0A2X3KDN9	16.6018	CCIS34055159ST-4-0_genefamilies-cpm.tsv
UniRef90_P0ABR8	8.9681	CCIS34055159ST-4-0_genefamilies-cpm.tsv
UniRef90_P0ABR8	0.463916	CCIS94496512ST-4-0_genefamilies-cpm.tsv
UniRef90_A0A2X3KDN9	0.257533	CCIS94496512ST-4-0_genefamilies-cpm.tsv
UniRef90_P0ABR8	0.191344	CCIS90903952ST-3-0_genefamilies-cpm.tsv
UniRef90_A0A2X3KDN9	0.220449	CCIS46047672ST-4-0_genefamilies-cpm.tsv
UniRef90_P0ABR8	0.159244	CCIS46047672ST-4-0_genefamilies-cpm.tsv
UniRef90_A0A2X3KDN9	0.31231	CCIS15704761ST-4-0_genefamilies-cpm.tsv
UniRef90_P0ABR8	0.249376	CCIS15704761ST-4-0_genefamilies-cpm.tsv
UniRef90_P0ABR8	0.0502276	CCIS11354283ST-4-0_genefamilies-cpm.tsv
UniRef90_A0A2X3KDN9	0.0423699	CCIS11354283ST-4-0_genefamilies-cpm.tsv
UniRef90_P0ABR8	0.427405	CCIS83445808ST-4-0_genefamilies-cpm.tsv
UniRef90_A0A2X3KDN9	0.402959	CCIS83445808ST-4-0_genefamilies-cpm.tsv
UniRef90_P0ABR8	1.29456	CCIS88007743ST-4-0_genefamilies-cpm.tsv
UniRef90_A0A2X3KDN9	1.13949	CCIS88007743ST-4-0_genefamilies-cpm.tsv
UniRef90_P0ABR8	0.962394	CCIS11015875ST-4-0_genefamilies-cpm.tsv
UniRef90_A0A2X3KDN9	0.702184	CCIS11015875ST-4-0_genefamilies-cpm.tsv
UniRef90_P0ABR8	0.378567	CCIS59903910ST-4-0_genefamilies-cpm.tsv
UniRef90_A0A2X3KDN9	0.0561252	CCIS59903910ST-4-0_genefamilies-cpm.tsv
UniRef90_A0A2X3KDN9	1.99712	CCIS62794166ST-4-0_genefamilies-cpm.tsv
UniRef90_P0ABR8	1.438	CCIS62794166ST-4-0_genefamilies-cpm.tsv
UniRef90_P0ABR8	0.124429	CCIS33816588ST-4-0_genefamilies-cpm.tsv
UniRef90_P0ABR8	0.0538218	CCIS44093303ST-4-0_genefamilies-cpm.tsv
UniRef90_A0A2X3KDN9	0.308119	CCIS62605362ST-3-0_genefamilies-cpm.tsv
UniRef90_P0ABR8	0.275682	CCIS62605362ST-3-0_genefamilies-cpm.tsv
UniRef90_P0ABR8	0.0559865	CCIS54027808ST-4-0_genefamilies-cpm.tsv
UniRef90_P0ABR8	0.599634	CCIS23164343ST-4-0_genefamilies-cpm.tsv
UniRef90_A0A2X3KDN9	0.362596	CCIS23164343ST-4-0_genefamilies-cpm.tsv
UniRef90_A0A376QUM0	0.36685	CCIS36699628ST-4-0_genefamilies-cpm.tsv
UniRef90_P0ABR8	0.171933	CCIS36699628ST-4-0_genefamilies-cpm.tsv
UniRef90_A0A2X3KDN9	0.137836	CCIS36699628ST-4-0_genefamilies-cpm.tsv
UniRef90_P0ABR8	0.038634	CCIS81735969ST-20-0_genefamilies-cpm.tsv
UniRef90_A0A2X3KDN9	1.6281	CCIS79210440ST-3-0_genefamilies-cpm.tsv
UniRef90_P0ABR8	0.812773	CCIS79210440ST-3-0_genefamilies-cpm.tsv
UniRef90_A0A376QUM0	0.690052	CCIS41806458ST-4-0_genefamilies-cpm.tsv
UniRef90_P0ABR8	0.0640439	CCIS91228662ST-4-0_genefamilies-cpm.tsv
UniRef90_A0A2X3KDN9	0.256007	CCIS32452666ST-4-0_genefamilies-cpm.tsv
UniRef90_P0ABR8	0.283635	CCIS72607085ST-4-0_genefamilies-cpm.tsv
UniRef90_A0A2X3KDN9	0.170574	CCIS72607085ST-4-0_genefamilies-cpm.tsv
UniRef90_A0A2X3KDN9	0.632329	CCIS52234160ST-4-0_genefamilies-cpm.tsv
UniRef90_P0ABR8	0.454493	CCIS52234160ST-4-0_genefamilies-cpm.tsv
UniRef90_P0ABR8	0.425553	CCIS36797902ST-4-0_genefamilies-cpm.tsv
UniRef90_A0A2X3KDN9	0.3577	CCIS36797902ST-4-0_genefamilies-cpm.tsv
UniRef90_P0ABR8	0.0872321	CCIS52370277ST-4-0_genefamilies-cpm.tsv
UniRef90_P0ABR8	0.119853	CCIS03473770ST-4-0_genefamilies-cpm.tsv
UniRef90_P0ABR8	1.00714	CCIS06260551ST-3-0_genefamilies-cpm.tsv
UniRef90_A0A2X3KDN9	0.823989	CCIS06260551ST-3-0_genefamilies-cpm.tsv
UniRef90_P0ABR8	0.147637	CCIS31434951ST-20-0_genefamilies-cpm.tsv
UniRef90_A0A2X3KDN9	0.112104	CCIS31434951ST-20-0_genefamilies-cpm.tsv
UniRef90_P0ABR8	0.81482	CCIS85214191ST-3-0_genefamilies-cpm.tsv
UniRef90_A0A2X3KDN9	0.814718	CCIS85214191ST-3-0_genefamilies-cpm.tsv
UniRef90_P0ABR8	0.898858	CCIS55230578ST-4-0_genefamilies-cpm.tsv
UniRef90_A0A2X3KDN9	0.639969	CCIS55230578ST-4-0_genefamilies-cpm.tsv
UniRef90_P0ABR8	0.0827882	CCIS41548810ST-4-0_genefamilies-cpm.tsv
UniRef90_P0ABR8	0.463188	CCIS88317640ST-4-0_genefamilies-cpm.tsv
UniRef90_A0A2X3KDN9	0.405486	CCIS88317640ST-4-0_genefamilies-cpm.tsv
UniRef90_A0A2X3KDN9	0.14491	CCIS05314658ST-4-0_genefamilies-cpm.tsv
UniRef90_P0ABR8	0.125759	CCIS90166425ST-4-0_genefamilies-cpm.tsv
UniRef90_P0ABR8	0.686893	CCIS09568613ST-4-0_genefamilies-cpm.tsv
UniRef90_A0A2X3KDN9	0.558379	CCIS09568613ST-4-0_genefamilies-cpm.tsv
UniRef90_A0A376QUM0	0.145399	CCIS81887263ST-4-0_genefamilies-cpm.tsv
UniRef90_P0ABR8	0.0971608	CCIS32105356ST-4-0_genefamilies-cpm.tsv
UniRef90_A0A2X3KDN9	5.14101	CCIS61287323ST-4-0_genefamilies-cpm.tsv
UniRef90_P0ABR8	2.55156	CCIS61287323ST-4-0_genefamilies-cpm.tsv
UniRef90_A0A376QUM0	0.161932	CCIS61287323ST-4-0_genefamilies-cpm.tsv
UniRef90_P0ABR8	0.184199	CCIS38765456ST-20-0_genefamilies-cpm.tsv
UniRef90_A0A2X3KDN9	0.161268	CCIS38765456ST-20-0_genefamilies-cpm.tsv
UniRef90_A0A2X3KDN9	2.38127	CCIS11362406ST-4-0_genefamilies-cpm.tsv
UniRef90_P0ABR8	1.58078	CCIS11362406ST-4-0_genefamilies-cpm.tsv
UniRef90_A0A2X3KDN9	0.624096	CCIS16383318ST-4-0_genefamilies-cpm.tsv
UniRef90_P0ABR8	0.392941	CCIS16383318ST-4-0_genefamilies-cpm.tsv
